Model Year_x,Make,Model,Vehicle Class,Engine Size(L),Cylinders,Transmission,weight_x,實際碳排,實際挑選,預測碳排,預測挑選
2022,Chrysler,300,Full-size,5.7,8,A8,4013,289,0,303.06174,0
2022,Chrysler,300,Full-size,3.6,6,A8,4013,242,0,275.24832,0
2022,Ram,1500,Pickup truck: Standard,5.7,8,A8,5345,320,0,361.7884,1
2022,Ram,1500 4X4,Pickup truck: Standard,5.7,8,A8,5345,325,0,361.7884,1
2022,Ram,1500 4X4 EcoDiesel,Pickup truck: Standard,3,6,A8,5476,260,0,293.58893,0
2022,Ram,1500 4X4 eTorque,Pickup truck: Standard,5.7,8,A8,5497,284,0,363.85226,1
2022,Ram,1500 4X4 eTorque,Pickup truck: Standard,3.6,6,A8,5353,260,0,302.5366,0
2022,Ram,1500 4X4 TRX,Pickup truck: Standard,6.2,8,A8,8100,465,1,327.10614,1
2022,Ram,1500 Classic,Pickup truck: Standard,5.7,8,A8,5194,323,0,365.89474,1
2022,Ram,1500 Classic,Pickup truck: Standard,3.6,6,A8,4517,280,0,294.17935,0
2022,Ram,1500 Classic 4X4,Pickup truck: Standard,5.7,8,A8,5371,330,0,371.09604,1
2022,Ram,1500 Classic 4X4,Pickup truck: Standard,3.6,6,A8,5098,295,0,295.41656,0
2022,Ram,1500 EcoDiesel,Pickup truck: Standard,3,6,A8,6990,243,0,283.2377,0
2022,Ram,1500 eTorque,Pickup truck: Standard,5.7,8,A8,5353,275,0,361.7884,1
2022,Ram,1500 eTorque,Pickup truck: Standard,3.6,6,A8,6100,253,0,294.5401,0
2022,Ram,1500 HFE EcoDiesel,Pickup truck: Standard,3,6,A8,4785,238,0,289.94916,0
2022,Ram,1500 HFE eTorque,Pickup truck: Standard,3.6,6,A8,4785,245,0,300.22232,0
2022,Chrysler,300 AWD,Full-size,3.6,6,A8,4013,258,0,275.24832,0
2022,BMW,330i xDrive Sedan,Compact,2,4,AS8,3764,195,0,220.53099,0
2022,BMW,430i xDrive Cabriolet,Subcompact,2,4,AS8,3708,202,0,228.40372,0
2022,BMW,430i xDrive Coupe,Subcompact,2,4,AS8,3708,202,0,228.40372,0
2022,Toyota,4Runner 4WD,SUV: Standard,4,6,AS5,4750,323,0,325.06375,0
2022,Toyota,4Runner 4WD (Part-Time 4WD) ,SUV: Standard,4,6,AS5,4675,321,0,321.4532,0
2022,FIAT,500X AWD,SUV: Small,1.3,4,A9,3305,221,0,219.34416,0
2022,BMW,530i xDrive Sedan,Mid-size,2,4,AS8,3878,206,0,233.85625,0
2022,BMW,540i xDrive Sedan,Full-size,3,6,AS8,4050,219,0,302.4174,1
2022,Porsche,718 Boxster,Two-seater,2,4,M6,3122,245,0,208.36638,0
2022,Porsche,718 Boxster,Two-seater,2,4,AM7,3122,233,0,208.36638,0
2022,Porsche,718 Boxster GTS 4.0,Two-seater,4,6,M6,3156,284,0,323.33487,0
2022,Porsche,718 Boxster GTS 4.0,Two-seater,4,6,AM7,3156,260,0,323.33487,0
2022,Porsche,718 Boxster S,Two-seater,2.5,4,M6,3071,263,0,251.33095,0
2022,Porsche,718 Boxster S,Two-seater,2.5,4,AM7,3071,255,0,251.33095,0
2022,Porsche,718 Boxster T,Two-seater,2,4,M6,3058,245,0,189.72502,0
2022,Porsche,718 Boxster T,Two-seater,2,4,AM7,3058,236,0,189.72502,0
2022,Porsche,718 Cayman,Two-seater,2,4,M6,2943,245,0,190.97096,0
2022,Porsche,718 Cayman,Two-seater,2,4,AM7,2943,233,0,190.97096,0
2022,Porsche,718 Cayman GT4,Two-seater,4,6,M6,3208,286,0,322.68582,0
2022,Porsche,718 Cayman GT4,Two-seater,4,6,AM7,3208,271,0,322.68582,0
2022,Porsche,718 Cayman GTS 4.0,Two-seater,4,6,M6,3166,284,0,323.33487,0
2022,Porsche,718 Cayman GTS 4.0,Two-seater,4,6,AM7,3166,260,0,323.33487,0
2022,Porsche,718 Cayman S,Two-seater,2.5,4,M6,3086,263,0,201.35156,0
2022,Porsche,718 Cayman S,Two-seater,2.5,4,AM7,3086,255,0,201.35156,0
2022,Porsche,718 Cayman T,Two-seater,2,4,M6,3064,245,0,196.20721,0
2022,Porsche,718 Cayman T,Two-seater,2,4,AM7,3064,236,0,196.20721,0
2022,Porsche,718 Spyder,Two-seater,4,6,M6,3205,286,0,305.61893,0
2022,Porsche,718 Spyder,Two-seater,4,6,AM7,3205,271,0,305.61893,0
2022,BMW,750i xDrive Sedan,Full-size,4.4,8,AS8,4722,279,0,329.42166,0
2022,BMW,750Li xDrive Sedan,Full-size,4.4,8,AS8,4722,279,0,329.42166,0
2022,Porsche,911 Carrera,Minicompact,3,6,AM8,3508,275,0,286.55215,0
2022,Porsche,911 Carrera 4,Minicompact,3,6,AM8,3614,275,0,289.44394,0
2022,Porsche,911 Carrera 4 Cabriolet,Minicompact,3,6,AM8,3614,275,0,289.44394,0
2022,Porsche,911 Carrera 4 GTS,Minicompact,3,6,M7,3691,289,0,279.93802,0
2022,Porsche,911 Carrera 4 GTS,Minicompact,3,6,AM8,3691,288,0,279.93802,0
2022,Porsche,911 Carrera 4 GTS Cabriolet,Minicompact,3,6,M7,3691,296,0,279.93802,0
2022,Porsche,911 Carrera 4 GTS Cabriolet,Minicompact,3,6,AM8,3691,288,0,279.93802,0
2022,Porsche,911 Carrera 4S,Minicompact,3,6,AM8,3641,275,0,280.63504,0
2022,Porsche,911 Carrera 4S,Minicompact,3,6,M7,3641,275,0,280.63504,0
2022,Porsche,911 Carrera 4S Cabriolet,Minicompact,3,6,M7,3641,281,0,280.63504,0
2022,Porsche,911 Carrera 4S Cabriolet,Minicompact,3,6,AM8,3641,273,0,280.63504,0
2022,Porsche,911 Carrera Cabriolet,Minicompact,3,6,AM8,3508,275,0,286.55215,0
2022,Porsche,911 Carrera GTS,Minicompact,3,6,AM8,3587,289,0,289.90427,0
2022,Porsche,911 Carrera GTS,Minicompact,3,6,M7,3587,276,0,289.90427,0
2022,Porsche,911 Carrera GTS Cabriolet,Minicompact,3,6,AM8,3587,289,0,289.90427,0
2022,Porsche,911 Carrera GTS Cabriolet,Minicompact,3,6,M7,3587,278,0,289.90427,0
2022,Porsche,911 Carrera S,Minicompact,3,6,AM8,3537,274,0,289.73557,0
2022,Porsche,911 Carrera S,Minicompact,3,6,M7,3537,264,0,289.73557,0
2022,Porsche,911 Carrera S Cabriolet,Minicompact,3,6,M7,3537,275,0,289.73557,0
2022,Porsche,911 Carrera S Cabriolet,Minicompact,3,6,AM8,3537,273,0,289.73557,0
2022,Porsche,911 GT3,Minicompact,4,6,M6,3164,355,0,323.33487,0
2022,Porsche,911 GT3,Minicompact,4,6,AM7,3164,334,0,323.33487,0
2022,Porsche,911 GT3 Touring,Minicompact,4,6,M6,3126,354,0,310.98993,0
2022,Porsche,911 GT3 Touring,Minicompact,4,6,AM7,3126,335,0,310.98993,0
2022,Porsche,911 Targa 4,Minicompact,3,6,AM8,3658,275,0,282.77304,0
2022,Porsche,911 Targa 4 GTS,Minicompact,3,6,M7,3737,296,0,277.06516,0
2022,Porsche,911 Targa 4 GTS,Minicompact,3,6,AM8,3737,287,0,277.06516,0
2022,Porsche,911 Targa 4S,Minicompact,3,6,M7,3687,278,0,277.1409,0
2022,Porsche,911 Targa 4S,Minicompact,3,6,AM8,3687,274,0,277.1409,0
2022,Porsche,911 Turbo,Minicompact,3.7,6,AM8,3790,321,0,315.52698,0
2022,Porsche,911 Turbo Cabriolet,Minicompact,3.7,6,AM8,3790,324,0,315.52698,0
2022,Porsche,911 Turbo S,Minicompact,3.7,6,AM8,3790,321,0,315.52698,0
2022,Porsche,911 Turbo S Cabriolet,Minicompact,3.7,6,AM8,3790,328,0,315.52698,0
2022,Mercedes-Benz,A 220 4MATIC Sedan,Subcompact,2,4,AM7,3395,194,0,208.27379,0
2022,Mercedes-Benz,A 250 4MATIC Hatch,Station wagon: Small,2,4,AM7,3325,202,0,170.11118,0
2022,Audi,A3 Sedan 40 TFSI quattro,Subcompact,2,4,AM7,3494,178,0,229.32697,0
2022,Audi,A4 allroad 45 TFSI quattro,Station wagon: Small,2,4,AM7,3880,208,0,233.85625,0
2022,Audi,A4 Sedan 40 TFSI quattro,Compact,2,4,AM7,3682,190,0,223.27687,0
2022,Audi,A4 Sedan 45 TFSI quattro,Compact,2,4,AM7,3682,205,0,223.27687,0
2022,Audi,A5 Cabriolet 45 TFSI quattro,Subcompact,2,4,AM7,4045,214,0,226.97942,0
2022,Audi,A5 Coupe 45 TFSI quattro,Subcompact,2,4,AM7,3759,205,0,217.14705,0
2022,Audi,A5 Sportback 45 TFSI quattro,Mid-size,2,4,AM7,3781,205,0,226.03584,0
2022,Audi,A6 allroad 55 TFSI quattro,Station wagon: Mid-size,3,6,AM7,4266,234,0,280.69525,0
2022,Audi,A6 Sedan 45 TFSI quattro,Mid-size,2,4,AM7,4101,208,0,234.6454,0
2022,Audi,A6 Sedan 55 TFSI quattro,Mid-size,3,6,AM7,4266,224,0,280.69525,0
2022,Audi,A7 Sportback 55 TFSI quattro,Mid-size,3,6,AM7,4332,224,0,267.93796,0
2022,Audi,A8 L Sedan 55 TFSI quattro,Full-size,3,6,AS8,4773,248,0,285.4804,0
2022,GMC,Acadia,SUV: Standard,3.6,6,A9,4155,252,0,290.55307,0
2022,GMC,Acadia,SUV: Standard,2,4,A9,4155,221,0,228.12668,0
2022,GMC,Acadia AWD,SUV: Standard,3.6,6,A9,4155,259,0,290.55307,0
2022,GMC,Acadia AWD,SUV: Standard,2,4,A9,4155,232,0,228.12668,0
2022,Honda,Accord,Full-size,1.5,4,AV,3150,168,0,180.52303,0
2022,Honda,Accord Hybrid,Full-size,2,4,AV,3326,117,0,170.11118,0
2022,Honda,Accord Hybrid Sport/Touring,Full-size,2,4,AV,3424,129,0,212.89659,0
2022,Honda,Accord Sport/Touring,Full-size,2,4,AS10,3444,211,0,212.89659,0
2022,Honda,Accord Sport/Touring,Full-size,1.5,4,AV7,3272,176,0,211.81993,0
2022,BMW,Alpina B7,Full-size,4.4,8,AS8,4722,279,0,329.42166,0
2022,BMW,Alpina B8 Gran Coupe,Mid-size,4.4,8,AS8,4831,279,0,335.78882,0
2022,BMW,Alpina XB7,SUV: Standard,4.4,8,AS8,5860,321,0,324.67154,0
2022,Nissan,Altima AWD,Mid-size,2.5,4,AV,3244,186,0,167.00745,0
2022,Nissan,Altima AWD SR/Platinum,Mid-size,2.5,4,AV,3492,190,0,195.71346,0
2022,Mercedes-Benz,AMG A 35 4MATIC Hatch,Station wagon: Small,2,4,AM7,3446,221,0,212.89659,0
2022,Mercedes-Benz,AMG A 35 4MATIC Sedan,Subcompact,2,4,AM7,3479,221,0,182.27016,0
2022,Mercedes-Benz,AMG C 43 4MATIC Cabriolet,Subcompact,3,6,A9,4204,256,0,296.72018,1
2022,Mercedes-Benz,AMG C 43 4MATIC Coupe,Subcompact,3,6,A9,3913,252,0,290.55237,0
2022,Mercedes-Benz,AMG CLA 35 4MATIC Coupe,Compact,2,4,AM7,3505,227,0,228.38684,0
2022,Mercedes-Benz,AMG CLA 45 4MATIC Coupe,Compact,2,4,AM8,3660,243,0,216.68365,0
2022,Mercedes-Benz,AMG CLS 53 4MATIC+ Coupe,Compact,3,6,A9,4416,241,0,277.42676,0
2022,Mercedes-Benz,AMG E 53 4MATIC+ Cabriolet,Subcompact,3,6,A9,4566,247,0,302.4257,0
2022,Mercedes-Benz,AMG E 53 4MATIC+ Coupe,Subcompact,3,6,A9,4429,239,0,286.6415,0
2022,Mercedes-Benz,AMG E 53 4MATIC+ Sedan,Mid-size,3,6,A9,4429,232,0,286.6415,0
2022,Mercedes-Benz,AMG GLA 35 4MATIC SUV,Station wagon: Small,2,4,AM8,3653,230,0,217.17262,0
2022,Mercedes-Benz,AMG GLA 45 4MATIC SUV,Station wagon: Small,2,4,AM8,3913,260,1,235.2564,1
2022,Mercedes-Benz,AMG GLB 35 4MATIC SUV,Station wagon: Mid-size,2,4,AM8,3869,262,0,228.97139,0
2022,Mercedes-Benz,AMG GLC 43 4MATIC Coupe,SUV: Small,3,6,A9,4233,287,1,297.50525,1
2022,Mercedes-Benz,AMG GLC 43 4MATIC SUV,SUV: Small,3,6,A9,4235,264,0,297.50525,1
2022,Mercedes-Benz,AMG GLE 53 4MATIC+ Coupe,SUV: Standard,3,6,A9,5082,292,0,286.59396,0
2022,Mercedes-Benz,AMG GLE 53 4MATIC+ SUV,SUV: Standard,3,6,A9,5082,283,0,286.59396,0
2022,Mercedes-Benz,AMG GT 53 4MATIC+ Coupe,Compact,3,6,A9,4553,258,0,297.27036,0
2022,Nissan,Armada 4WD,SUV: Standard,5.6,8,AS7,5749,362,1,351.43488,1
2022,Subaru,Ascent AWD,SUV: Standard,2.4,4,AV8,4603,245,0,189.94554,0
2022,Volkswagen,Atlas 4MOTION,SUV: Small,3.6,6,AS8,4605,286,0,292.19376,0
2022,Volkswagen,Atlas 4MOTION,SUV: Small,2,4,AS8,4451,249,0,246.93617,0
2022,Volkswagen,Atlas Cross Sport 4MOTION,SUV: Small,3.6,6,AS8,4464,275,0,285.372,0
2022,Volkswagen,Atlas Cross Sport 4MOTION,SUV: Small,2,4,AS8,4308,252,0,231.5132,0
2022,Lamborghini,Aventador Countach,Two-seater,6.5,12,AM7,3516,489,0,435.07547,0
2022,Lamborghini,Aventador Coupe,Two-seater,6.5,12,AM7,3615,498,0,454.7025,0
2022,Lamborghini,Aventador Roadster,Two-seater,6.5,12,AM7,3852.5,498,0,415.93076,0
2022,Lincoln,Aviator AWD,SUV: Standard,3,6,AS10,4862,280,0,275.949,0
2022,Bentley,Bentayga,SUV: Standard,4,8,AS8,5324,309,0,321.45523,0
2022,Bentley,Bentayga Speed,SUV: Standard,6,12,AS8,5264,383,0,363.70468,0
2022,Chevrolet,Blazer,SUV: Small,3.6,6,A9,3907,252,0,298.00162,1
2022,Chevrolet,Blazer,SUV: Small,2,4,A9,3907,221,0,235.2564,0
2022,Chevrolet,Blazer AWD,SUV: Small,3.6,6,A9,3907,259,0,298.00162,1
2022,Chevrolet,Blazer AWD,SUV: Small,2,4,A9,3907,232,0,235.2564,0
2022,Ford,Bronco 4WD,SUV: Small,2.7,6,AS10,4286,291,1,287.74033,0
2022,Ford,Bronco 4WD,SUV: Small,2.3,4,M7,4286,277,0,245.61928,0
2022,Ford,Bronco 4WD,SUV: Small,2.3,4,AS10,4286,275,0,245.61928,0
2022,Ford,Bronco Badlands 4WD,SUV: Small,2.3,4,M7,4705,336,1,267.69086,0
2022,Ford,Bronco Badlands 4WD,SUV: Small,2.7,6,AS10,4705,331,0,298.0269,0
2022,Ford,Bronco Badlands 4WD,SUV: Small,2.3,4,AS10,4705,323,0,267.69086,0
2022,Ford,Bronco Black Diamond 4WD,SUV: Small,2.3,4,M7,4587,310,0,232.6528,0
2022,Ford,Bronco Black Diamond 4WD,SUV: Small,2.3,4,AS10,4587,308,0,232.6528,0
2022,Ford,Bronco Sasquatch 4WD,SUV: Small,2.7,6,AS10,4580,331,0,309.85724,0
2022,Ford,Bronco Sasquatch 4WD,SUV: Small,2.3,4,M7,4467,317,0,261.26385,0
2022,Ford,Bronco Sasquatch 4WD,SUV: Small,2.3,4,AS10,4497,314,0,256.5581,0
2022,Ford,Bronco Sport 4WD,SUV: Small,2,4,AS8,3467,240,0,215.29953,0
2022,Ford,Bronco Sport 4WD,SUV: Small,1.5,3,A8,3467,209,0,201.55017,0
2022,Subaru,BRZ,Minicompact,2.4,4,M6,2835,247,1,236.6207,1
2022,Subaru,BRZ,Minicompact,2.4,4,AS6,2881,224,0,222.32129,0
2022,Mercedes-Benz,C 300 4MATIC Cabriolet,Subcompact,2,4,A9,3979,224,0,220.84071,0
2022,Mercedes-Benz,C 300 4MATIC Coupe,Subcompact,2,4,A9,3583,217,0,215.20557,0
2022,Chevrolet,Camaro,Subcompact,3.6,6,M6,3351,281,1,286.31964,0
2022,Chevrolet,Camaro,Subcompact,3.6,6,AS10,3351,251,0,286.31964,0
2022,Chevrolet,Camaro,Subcompact,2,4,M6,3351,239,0,223.17159,0
2022,Chevrolet,Camaro,Subcompact,2,4,AS8,3351,222,0,223.17159,0
2022,Chevrolet,Camaro SS,Subcompact,6.2,8,M6,3686,296,1,296.7591,1
2022,Chevrolet,Camaro SS,Subcompact,6.2,8,AS10,3686,281,1,296.7591,1
2022,Chevrolet,Camaro ZL1,Subcompact,6.2,8,AS10,3907,355,1,350.022,1
2022,Chevrolet,Camaro ZL1,Subcompact,6.2,8,M6,3907,349,1,350.022,1
2022,Toyota,Camry AWD SE,Mid-size,2.5,4,AS8,3745,192,0,228.03223,0
2022,Toyota,Camry AWD XSE,Mid-size,2.5,4,AS8,3580,195,0,181.04953,0
2022,Toyota,Camry Hybrid LE,Mid-size,2.5,4,AV,3480,113,0,181.9758,0
2022,Toyota,Camry Hybrid SE/XLE/XSE,Mid-size,2.5,4,AV,3535,121,0,205.40747,0
2022,Toyota,Camry LE/SE,Mid-size,2.5,4,AS8,3310,174,0,164.90384,0
2022,Toyota,Camry TRD,Mid-size,3.5,6,AS8,3575,220,0,261.8089,0
2022,Toyota,Camry XSE,Mid-size,2.5,4,AS8,3425,178,0,197.2102,0
2022,Toyota,Camry XSE V6,Mid-size,3.5,6,AS8,3585,215,0,267.49567,0
2022,GMC,Canyon,Pickup truck: Small,2.8,4,A6,3938,270,0,266.53357,0
2022,GMC,Canyon,Pickup truck: Small,3.6,6,A8,4050,263,0,308.73654,0
2022,GMC,Canyon,Pickup truck: Small,2.5,4,A6,3845,257,0,180.8851,0
2022,GMC,Canyon 4WD,Pickup truck: Small,3.6,6,A8,4355,283,0,297.0958,0
2022,GMC,Canyon 4WD,Pickup truck: Small,2.8,4,A6,4154,283,0,264.52206,0
2022,GMC,Canyon 4WD,Pickup truck: Small,2.5,4,A6,4102,267,0,230.83351,0
2022,Kia,Carnival,Minivan,3.5,6,AS8,4535,252,0,287.07022,0
2022,Porsche,Cayenne,SUV: Standard,3,6,AS8,4582,289,0,309.1764,0
2022,Porsche,Cayenne Coupe,SUV: Standard,3,6,AS8,4663,289,0,303.2085,0
2022,Porsche,Cayenne GTS,SUV: Standard,4,8,AS8,4728,331,0,344.99142,0
2022,Porsche,Cayenne GTS Coupe,SUV: Standard,4,8,AS8,4932,326,0,323.21164,0
2022,Porsche,Cayenne S,SUV: Standard,2.9,6,AS8,4453,307,0,288.54956,0
2022,Porsche,Cayenne S Coupe,SUV: Standard,2.9,6,AS8,4725,305,0,292.18884,0
2022,Porsche,Cayenne Turbo,SUV: Standard,4,8,AS8,4795,343,0,324.3252,0
2022,Porsche,Cayenne Turbo Coupe,SUV: Standard,4,8,AS8,4850,330,0,352.7124,0
2022,Porsche,Cayenne Turbo GT,SUV: Standard,4,8,AS8,5000,345,0,301.2169,0
2022,Dodge,Challenger,Mid-size,6.4,8,M6,3841,325,0,314.3578,0
2022,Dodge,Challenger,Mid-size,5.7,8,M6,3841,307,0,301.88852,0
2022,Dodge,Challenger,Mid-size,3.6,6,A8,3841,242,0,276.5728,0
2022,Dodge,Challenger (MDS),Mid-size,6.4,8,A8,4233,305,0,320.47958,0
2022,Dodge,Challenger (MDS),Mid-size,5.7,8,A8,4182,289,0,304.02567,0
2022,Dodge,Challenger AWD,Mid-size,3.6,6,A8,3841,258,0,276.5728,0
2022,Dodge,Challenger SRT Hellcat,Mid-size,6.2,8,M6,4422,352,1,344.0083,1
2022,Dodge,Challenger SRT Hellcat,Mid-size,6.2,8,A8,4422,339,1,344.0083,1
2022,Dodge,Challenger SRT Hellcat Widebody,Mid-size,6.2,8,A8,4473,359,1,338.80518,1
2022,Dodge,Challenger SRT Hellcat Widebody,Mid-size,6.2,8,M6,4473,352,1,338.80518,1
2022,Dodge,Challenger Widebody,Mid-size,6.4,8,M6,4308,325,0,335.13202,1
2022,Dodge,Challenger Widebody (MDS),Mid-size,6.4,8,A8,4233,305,0,320.47958,0
2022,Dodge,Charger,Full-size,3.6,6,A8,3964,242,0,279.88962,0
2022,Dodge,Charger (MDS),Full-size,6.4,8,A8,4373,305,0,352.75476,1
2022,Dodge,Charger (MDS),Full-size,5.7,8,A8,4286,289,0,301.684,0
2022,Dodge,Charger AWD,Full-size,3.6,6,A8,3964,258,0,279.88962,0
2022,Dodge,Charger SRT Hellcat Widebody,Full-size,6.2,8,A8,4586,368,1,371.7731,1
2022,Dodge,Charger Widebody (MDS),Full-size,6.4,8,A8,4373,305,0,352.75476,1
2022,Jeep,Cherokee,SUV: Small,3.2,6,A9,3710,240,0,280.09006,0
2022,Jeep,Cherokee,SUV: Small,2.4,4,A9,3590,219,0,225.44856,0
2022,Jeep,Cherokee,SUV: Small,2,4,A9,3960,214,0,231.2,0
2022,Jeep,Cherokee 4X4 Active Drive I,SUV: Small,3.2,6,A9,4251,249,0,261.3531,0
2022,Jeep,Cherokee 4X4 Active Drive I,SUV: Small,2.4,4,A9,3876,230,0,243.58492,0
2022,Jeep,Cherokee 4X4 Active Drive I,SUV: Small,2,4,A9,4000,229,0,231.04283,0
2022,Jeep,Cherokee 4X4 Active Drive Lock,SUV: Small,3.2,6,A9,3960,268,0,273.9467,0
2022,Bugatti,Chiron,Two-seater,8,16,AM7,4587,522,0,500.31555,0
2022,Bugatti,Chiron Pur Sport,Two-seater,8,16,AM7,4587,608,0,500.31555,0
2022,Bugatti,Chiron Super Sport,Two-seater,8,16,AM7,4587,608,0,500.31555,0
2022,Toyota,C-HR,Compact,2,4,AS7,3300,189,0,211.46053,0
2022,Honda,Civic Hatchback,Full-size,2,4,M6,2915,186,0,167.63388,0
2022,Honda,Civic Hatchback,Full-size,1.5,4,M6,3047,175,0,170.76227,0
2022,Honda,Civic Hatchback,Full-size,2,4,AV,2939,167,0,185.91125,0
2022,Honda,Civic Hatchback,Full-size,1.5,4,AV7,3133,166,0,175.75598,0
2022,Honda,Civic Sedan,Mid-size,2,4,AV7,2932,165,0,181.98178,0
2022,Honda,Civic Sedan,Mid-size,2,4,AV,2895,162,0,187.6752,0
2022,Honda,Civic Sedan,Mid-size,1.5,4,AV7,3023,162,0,178.0107,0
2022,Honda,Civic Sedan Si,Mid-size,1.5,4,M6,2998,180,0,116.714645,0
2022,Mercedes-Benz,CLA 250 4MATIC Coupe,Compact,2,4,AM7,3483,200,0,182.27016,0
2022,Mercedes-Benz,CLS 450 4MATIC Coupe,Compact,3,6,A9,4255,229,0,258.8098,0
2022,Chevrolet,Colorado,Pickup truck: Small,2.8,4,A6,3968,270,0,267.56827,0
2022,Chevrolet,Colorado,Pickup truck: Small,3.6,6,A8,4050,263,0,308.73654,0
2022,Chevrolet,Colorado,Pickup truck: Small,2.5,4,A6,3968,257,0,245.1604,0
2022,Chevrolet,Colorado 4WD,Pickup truck: Small,3.6,6,A8,4480,283,0,282.39832,0
2022,Chevrolet,Colorado 4WD,Pickup truck: Small,2.8,4,A6,4480,283,0,279.45126,0
2022,Chevrolet,Colorado 4WD,Pickup truck: Small,2.5,4,A6,4198,267,0,234.39902,0
2022,Chevrolet,Colorado ZR2 4WD,Pickup truck: Small,3.6,6,A8,4716,329,0,319.357,1
2022,Chevrolet,Colorado ZR2 4WD,Pickup truck: Small,2.8,4,A6,4716,326,0,282.55496,0
2022,Jeep,Compass,SUV: Small,2.4,4,A6,3183,218,0,223.16725,0
2022,Jeep,Compass 4X4,SUV: Small,2.4,4,A9,3327,222,0,215.85754,0
2022,Bentley,Continental GT,Subcompact,4,8,AM8,4773,287,0,324.1952,0
2022,Bentley,Continental GT Convertible,Minicompact,4,8,AM8,4294,294,0,306.96823,0
2022,Bentley,Continental GT Convertible Speed,Minicompact,6,12,AM8,5322,395,0,366.9464,0
2022,Bentley,Continental GT Speed,Subcompact,6,12,AM8,5322,379,0,366.9464,0
2022,MINI,Cooper 3 Door,Subcompact,1.5,3,M6,2701,177,0,171.16475,0
2022,MINI,Cooper 3 Door,Subcompact,1.5,3,AM7,2701,170,0,171.16475,0
2022,MINI,Cooper 5 Door,Subcompact,1.5,3,M6,2826,177,0,174.20471,0
2022,MINI,Cooper 5 Door,Subcompact,1.5,3,AM7,2826,170,0,174.20471,0
2022,MINI,Cooper Convertible,Minicompact,1.5,3,M6,3018,177,0,143.3843,0
2022,MINI,Cooper Convertible,Minicompact,1.5,3,AM7,3018,170,0,143.3843,0
2022,MINI,Cooper Countryman ALL4,Mid-size,1.5,3,AS8,3618,211,0,196.6949,0
2022,MINI,Cooper S 3 Door,Subcompact,2,4,M6,2824,211,0,203.70938,0
2022,MINI,Cooper S 3 Door,Subcompact,2,4,AM7,2866,174,0,193.65793,0
2022,MINI,Cooper S 5 Door,Subcompact,2,4,M6,2987,211,0,199.7661,0
2022,MINI,Cooper S 5 Door,Subcompact,2,4,AM7,2826,174,0,203.70938,0
2022,MINI,Cooper S Clubman ALL4,Mid-size,2,4,AS8,3534,207,0,211.0219,0
2022,MINI,Cooper S Convertible,Minicompact,2,4,M6,3120,205,0,208.36638,0
2022,MINI,Cooper S Convertible,Minicompact,2,4,AM7,3018,182,0,197.92175,0
2022,MINI,Cooper S Countryman ALL4,Mid-size,2,4,AS8,3618,212,0,207.29144,0
2022,Toyota,Corolla,Compact,2,4,M6,3055,172,0,189.72502,0
2022,Toyota,Corolla,Compact,1.8,4,AV,3060,166,0,173.06926,0
2022,Toyota,Corolla,Compact,1.8,4,M6,3060,165,0,173.06926,0
2022,Toyota,Corolla,Compact,2,4,AV10,3110,159,0,199.69812,0
2022,Toyota,Corolla Apex Edition,Compact,2,4,AV10,3110,164,0,199.69812,0
2022,Toyota,Corolla Cross,SUV: Small,2,4,AV10,1170,171,0,186.17241,0
2022,Toyota,Corolla Cross AWD,SUV: Small,2,4,AV10,1170,182,0,186.17241,0
2022,Toyota,Corolla Hatchback,Compact,2,4,M6,3060,179,0,189.72502,0
2022,Toyota,Corolla Hatchback,Compact,2,4,AV10,3060,159,0,189.72502,0
2022,Toyota,Corolla Hybrid,Compact,1.8,4,AV,2850,106,0,175.56604,0
2022,Toyota,Corolla XLE,Compact,1.8,4,AV,3045,170,0,173.06926,0
2022,Toyota,Corolla XSE,Compact,2,4,AV10,3060,164,0,189.72502,0
2022,Lincoln,Corsair AWD,SUV: Small,2.3,4,AS8,4532,232,0,238.37715,0
2022,Lincoln,Corsair AWD,SUV: Small,2,4,AS8,3703,229,0,215.99487,0
2022,Chevrolet,Corvette,Two-seater,6.2,8,AS8,3366,297,1,325.7302,1
2022,Subaru,Crosstrek AWD,SUV: Small,2,4,M6,3117,220,0,208.36638,0
2022,Subaru,Crosstrek AWD,SUV: Small,2.5,4,AV8,3265,188,0,259.70514,1
2022,Subaru,Crosstrek AWD,SUV: Small,2,4,AV8,3188,184,0,210.13373,0
2022,Honda,CR-V,SUV: Small,1.5,4,AV,3337,180,0,179.2599,0
2022,Honda,CR-V AWD,SUV: Small,1.5,4,AV,3470,189,0,204.79381,0
2022,Cadillac,CT4,Compact,2.7,4,AS10,3422,221,0,234.1516,0
2022,Cadillac,CT4,Compact,2,4,AS8,3422,206,0,212.89659,0
2022,Cadillac,CT4 AWD,Compact,2.7,4,AS10,3422,233,0,234.1516,0
2022,Cadillac,CT4 AWD,Compact,2,4,AS8,3422,216,0,212.89659,0
2022,Cadillac,CT4-V,Compact,2.7,4,AS10,3616,239,0,265.3938,0
2022,Cadillac,CT4-V AWD,Compact,2.7,4,AS10,3761,244,0,272.3434,0
2022,Cadillac,CT4-V Blackwing,Compact,3.6,6,M6,3860,303,1,277.40842,0
2022,Cadillac,CT4-V Blackwing,Compact,3.6,6,AS10,3860,297,1,277.40842,0
2022,Cadillac,CT5,Mid-size,3,6,AS10,3659,252,0,282.77304,0
2022,Cadillac,CT5,Mid-size,2,4,AS10,3659,207,0,217.16357,0
2022,Cadillac,CT5 AWD,Mid-size,3,6,AS10,3659,260,0,282.77304,0
2022,Cadillac,CT5 AWD,Mid-size,2,4,AS10,3659,222,0,217.16357,0
2022,Cadillac,CT5-V,Mid-size,3,6,AS10,3975,258,0,284.7482,0
2022,Cadillac,CT5-V AWD,Mid-size,3,6,AS10,4145,260,0,284.74487,0
2022,Cadillac,CT5-V Blackwing,Mid-size,6.2,8,M6,4123,356,1,341.4857,1
2022,Cadillac,CT5-V Blackwing,Mid-size,6.2,8,AS10,4123,346,1,341.4857,1
2022,Rolls-Royce,Cullinan,Station wagon: Mid-size,6.7,12,AS8,6069,386,0,369.11343,0
2022,Rolls-Royce,Cullinan Black Badge,Station wagon: Mid-size,6.7,12,AS8,6171,386,0,374.62286,0
2022,Mazda,CX-3,Compact,2,4,AS6,2729,179,0,171.58925,0
2022,Mazda,CX-3 (SIL),Compact,2,4,M6,2729,186,0,171.58925,0
2022,Mazda,CX-3 4WD,Compact,2,4,AS6,2954,189,0,208.6483,0
2022,Mazda,CX-30 4WD,SUV: Small,2.5,4,AS6,3379,208,0,189.58585,0
2022,Mazda,CX-30 4WD,SUV: Small,2,4,AS6,3426,202,0,212.89659,0
2022,Mazda,CX-30 Turbo 4WD,SUV: Small,2.5,4,AS6,3505,220,0,196.86441,0
2022,Mazda,CX-5 4WD,SUV: Small,2.5,4,AS6,3717,216,0,216.19884,0
2022,Mazda,CX-5 4WD (Cylinder Deactivation),SUV: Small,2.5,4,AS6,3717,209,0,216.19884,0
2022,Mazda,CX-5 Turbo 4WD,SUV: Small,2.5,4,AS6,3791,230,0,241.91422,1
2022,Mazda,CX-9 4WD,SUV: Small,2.5,4,AS6,4307,243,0,206.95699,0
2022,Aston Martin,DB11 V12,Minicompact,5.2,12,A8,4134,324,0,324.1731,0
2022,Aston Martin,DB11 V8,Minicompact,4,8,A8,3880,271,0,291.3989,0
2022,Aston Martin,DBS V12,Minicompact,5.2,12,A8,4068,324,0,321.97656,0
2022,Aston Martin,DBX V8,SUV: Standard,4,8,A9,3880,343,0,291.3989,0
2022,Land Rover,Defender 110 5.0L V8,SUV: Standard,5,8,AS8,5735,350,0,337.87302,0
2022,Land Rover,Defender 110 P300,SUV: Standard,2,4,AS8,5278,306,0,221.8313,0
2022,Land Rover,Defender 110 P400,SUV: Standard,3,6,AS8,5035,287,0,309.42264,0
2022,Land Rover,Defender 90 5.0L V8,SUV: Standard,5,8,AS8,5445,339,0,337.01624,0
2022,Land Rover,Defender 90 P300,SUV: Standard,2,4,AS8,7716,289,0,221.51227,0
2022,Land Rover,Defender 90 P400,SUV: Standard,3,6,AS8,4780,287,0,289.94916,0
2022,Land Rover,Discovery P300,SUV: Standard,2,4,AS8,4865,271,0,252.23206,0
2022,Land Rover,Discovery P360,SUV: Standard,3,6,AS8,5160,270,0,300.47217,0
2022,Dodge,Durango AWD,SUV: Standard,5.7,8,A8,4689,331,0,312.63336,0
2022,Dodge,Durango AWD,SUV: Standard,3.6,6,A8,4689,265,0,301.32346,0
2022,Dodge,Durango AWD SRT,SUV: Standard,6.4,8,A8,5378,363,1,369.66602,1
2022,Mercedes-Benz,E 350 4MATIC Sedan,Mid-size,2,4,A9,3924,229,0,222.33153,0
2022,Mercedes-Benz,E 450 4MATIC All-Terrain Wagon,Station wagon: Mid-size,3,6,A9,4530,229,0,286.09958,0
2022,Mercedes-Benz,E 450 4MATIC Cabriolet,Subcompact,3,6,A9,4537,233,0,286.09958,0
2022,Mercedes-Benz,E 450 4MATIC Coupe,Subcompact,3,6,A9,4603,225,0,281.64587,0
2022,Mercedes-Benz,E 450 4MATIC Sedan,Mid-size,3,6,A9,4222,218,0,283.16144,0
2022,Mitsubishi,Eclipse Cross 4WD,SUV: Small,1.5,4,AV8,3506,216,0,203.71211,0
2022,Ford,EcoSport AWD,SUV: Small,2,4,AS6,3300,219,0,211.46053,0
2022,Ford,Edge AWD,SUV: Small,2.7,6,AS8,4124,262,0,283.3461,0
2022,Ford,Edge AWD,SUV: Small,2,4,AS8,4124,239,0,233.08733,0
2022,Ford,Edge AWD,SUV: Small,2,4,A8,4124,238,0,233.08733,0
2022,Hyundai,Elantra,Mid-size,2,4,M6,2868,185,0,193.65793,0
2022,Hyundai,Elantra,Mid-size,1.6,4,AM7,2868,179,0,187.9376,0
2022,Hyundai,Elantra,Mid-size,2,4,AV1,2868,158,0,193.65793,0
2022,Hyundai,Elantra (ISG),Mid-size,2,4,AV1,2725,151,0,171.58925,0
2022,Hyundai,Elantra Hybrid Blue,Mid-size,1.6,4,AM6,2965,103,0,199.30302,0
2022,Hyundai,Elantra N,Mid-size,2,4,AM8,2954,241,0,208.6483,0
2022,Hyundai,Elantra N,Mid-size,2,4,M6,2954,223,0,208.6483,0
2022,Buick,Enclave,SUV: Standard,3.6,6,A9,4359,263,0,297.0958,0
2022,Buick,Enclave AWD,SUV: Standard,3.6,6,A9,4359,277,0,297.0958,0
2022,Buick,Encore,SUV: Small,1.4,4,AS6,3237,201,0,197.45029,0
2022,Buick,Encore AWD,SUV: Small,1.4,4,AS6,3237,214,0,197.45029,0
2022,Buick,Encore GX,SUV: Small,1.3,3,AV,3094,185,0,192.43112,0
2022,Buick,Encore GX,SUV: Small,1.2,3,AV,3094,184,0,185.96587,0
2022,Buick,Encore GX AWD,SUV: Small,1.3,3,A9,3094,201,0,192.43112,0
2022,Buick,Envision,SUV: Small,2,4,AS9,3692,209,0,215.99487,0
2022,Buick,Envision AWD,SUV: Small,2,4,AS9,3692,220,0,215.99487,0
2022,Jaguar,E-PACE P250,SUV: Small,2,4,AS9,3924,247,1,222.33153,0
2022,Jaguar,E-PACE P300,SUV: Small,2,4,AS9,4136,245,1,232.87706,0
2022,Chevrolet,Equinox,SUV: Small,1.5,4,A6,3274,198,0,197.79094,0
2022,Chevrolet,Equinox AWD,SUV: Small,1.5,4,A6,3274,208,0,197.79094,0
2022,Lexus,ES 250 AWD,Mid-size,2.5,4,AS8,3780,195,0,203.68378,0
2022,Lexus,ES 300h,Mid-size,2.5,4,AV6,3730,124,0,216.69817,0
2022,Lexus,ES 350,Mid-size,3.5,6,AS8,3690,214,0,272.11566,0
2022,Lexus,ES 350 F SPORT,Mid-size,3.5,6,AS8,3690,219,0,272.11566,0
2022,Cadillac,Escalade 4WD,SUV: Standard,6.2,8,A10,5822,345,0,330.43414,0
2022,Cadillac,Escalade 4WD,SUV: Standard,3,6,A10,5370,281,0,292.62524,0
2022,Cadillac,Escalade 4WD (No Stop-Start),SUV: Standard,6.2,8,A10,5822,353,1,330.43414,1
2022,Ford,Escape,SUV: Small,1.5,3,A8,3298,182,0,191.66234,0
2022,Ford,Escape AWD,SUV: Small,2,4,A8,3298,216,0,210.48123,0
2022,Ford,Escape AWD,SUV: Small,1.5,3,A8,3298,198,0,191.66234,0
2022,Ford,Escape Hybrid,SUV: Small,2.5,4,AV,3491,136,0,195.71346,0
2022,Ford,Escape Hybrid AWD,SUV: Small,2.5,4,AV,3491,139,0,195.71346,0
2022,Ford,Expedition 4X4,SUV: Standard,3.5,6,AS10,5623,304,0,323.40305,0
2022,Ford,Expedition 4X4 (Without Stop-Start),SUV: Standard,3.5,6,AS10,5623,317,0,323.40305,0
2022,Ford,Expedition Timberline 4X4,SUV: Standard,3.5,6,AS10,5623,317,0,323.40305,0
2022,Ford,Expedition Timberline 4X4 (Without Stop-Start),SUV: Standard,3.5,6,AS10,5692,326,0,326.2525,1
2022,Ford,Explorer AWD,SUV: Standard,3,6,A10,4345,277,0,296.2959,0
2022,Ford,Explorer AWD,SUV: Standard,2.3,4,A10,4345,242,0,260.30542,0
2022,Ford,Explorer AWD (Without Stop-Start),SUV: Standard,2.3,4,A10,4437,252,0,259.956,0
2022,Ford,Explorer Hybrid AWD,SUV: Standard,3.3,6,AS10,5076,225,0,293.93958,0
2022,Ford,Explorer Timberline AWD,SUV: Standard,2.3,4,AS10,4437,269,0,259.956,0
2022,Ford,Explorer Timberline AWD (Without Stop-Start),SUV: Standard,2.3,4,AS10,4437,277,0,259.956,0
2022,Ford,F-150,Pickup truck: Standard,3.5,6,AS10,4428,275,0,297.10532,0
2022,Ford,F-150,Pickup truck: Standard,2.7,6,AS10,4171,256,0,288.44318,0
2022,Ford,F-150 (Without Stop-Start),Pickup truck: Standard,2.7,6,AS10,4171,282,0,288.44318,0
2022,Ford,F-150 (Without Stop-Start),Pickup truck: Standard,3.5,6,AS10,4428,281,0,297.10532,0
2022,Ford,F-150 4X4,Pickup truck: Standard,3.5,6,AS10,4690,284,0,284.5796,0
2022,Ford,F-150 4X4,Pickup truck: Standard,2.7,6,AS10,4441,274,0,300.15448,0
2022,Ford,F-150 4X4 (Without Stop-Start),Pickup truck: Standard,3.5,6,AS10,4690,304,0,284.5796,0
2022,Ford,F-150 4X4 FFV,Pickup truck: Standard,5,8,AS10,4650,304,0,304.30634,0
2022,Ford,F-150 4X4 FFV,Pickup truck: Standard,5,8,AS10,4650,304,0,304.30634,0
2022,Ford,F-150 4X4 FFV,Pickup truck: Standard,5,8,AS10,4650,301,0,304.30634,0
2022,Ford,F-150 4X4 FFV,Pickup truck: Standard,5,8,AS10,4650,301,0,304.30634,0
2022,Ford,F-150 4X4 FFV,Pickup truck: Standard,3.3,6,AS10,4363,277,0,283.9579,0
2022,Ford,F-150 4X4 FFV,Pickup truck: Standard,3.3,6,AS10,4363,277,0,283.9579,0
2022,Ford,F-150 4X4 FFV,Pickup truck: Standard,3.3,6,AS10,4363,256,0,283.9579,0
2022,Ford,F-150 4X4 FFV,Pickup truck: Standard,3.3,6,AS10,4363,256,0,283.9579,0
2022,Ford,F-150 4X4 FFV (Without Stop-Start),Pickup truck: Standard,5,8,AS10,4650,308,0,304.30634,0
2022,Ford,F-150 4X4 FFV (Without Stop-Start),Pickup truck: Standard,5,8,AS10,4650,308,0,304.30634,0
2022,Ford,F-150 4X4 FFV (Without Stop-Start),Pickup truck: Standard,5,8,AS10,4650,295,0,304.30634,0
2022,Ford,F-150 4X4 FFV (Without Stop-Start),Pickup truck: Standard,5,8,AS10,4650,295,0,304.30634,0
2022,Ford,F-150 FFV,Pickup truck: Standard,5,8,AS10,4396,300,0,306.52072,0
2022,Ford,F-150 FFV,Pickup truck: Standard,5,8,AS10,4396,300,0,306.52072,0
2022,Ford,F-150 FFV,Pickup truck: Standard,5,8,AS10,4396,298,0,306.52072,0
2022,Ford,F-150 FFV,Pickup truck: Standard,5,8,AS10,4396,298,0,306.52072,0
2022,Ford,F-150 FFV,Pickup truck: Standard,3.3,6,AS10,4122,260,0,282.03784,0
2022,Ford,F-150 FFV,Pickup truck: Standard,3.3,6,AS10,4122,260,0,282.03784,0
2022,Ford,F-150 FFV,Pickup truck: Standard,3.3,6,AS10,4122,249,0,282.03784,0
2022,Ford,F-150 FFV,Pickup truck: Standard,3.3,6,AS10,4122,249,0,282.03784,0
2022,Ford,F-150 FFV (Without Stop-Start),Pickup truck: Standard,5,8,AS10,4396,302,0,306.52072,0
2022,Ford,F-150 FFV (Without Stop-Start),Pickup truck: Standard,5,8,AS10,4396,302,0,306.52072,0
2022,Ford,F-150 FFV (Without Stop-Start),Pickup truck: Standard,5,8,AS10,4396,289,0,306.52072,0
2022,Ford,F-150 FFV (Without Stop-Start),Pickup truck: Standard,5,8,AS10,4396,289,0,306.52072,0
2022,Ford,F-150 Hybrid,Pickup truck: Standard,3.5,6,AS10,4616,228,0,286.79843,0
2022,Ford,F-150 Hybrid 4X4,Pickup truck: Standard,3.5,6,AS10,5016,238,0,312.02438,0
2022,Ford,F-150 Raptor 37 4X4,Pickup truck: Standard,3.5,6,AS10,4860,359,1,263.71753,0
2022,Ford,F-150 Raptor 37 4X4 (Without Stop-Start),Pickup truck: Standard,3.5,6,AS10,4860,370,1,263.71753,0
2022,Ford,F-150 Raptor 4X4,Pickup truck: Standard,3.5,6,AS10,4860,344,0,263.71753,0
2022,Ford,F-150 Raptor 4X4 (Without Stop-Start),Pickup truck: Standard,3.5,6,AS10,4860,357,1,263.71753,0
2022,Ford,F-150 Tremor 4X4,Pickup truck: Standard,3.5,6,AS10,4690,310,0,284.5796,0
2022,Ford,F-150 Tremor 4X4 (Without Stop-Start),Pickup truck: Standard,3.5,6,AS10,4690,313,0,284.5796,0
2022,Bentley,Flying Spur,Mid-size,6,12,AM8,5137,373,0,368.67365,0
2022,Bentley,Flying Spur,Mid-size,4,8,AM8,5137,323,0,319.87445,0
2022,Subaru,Forester AWD,SUV: Small,2.5,4,AV7,3528,192,0,205.40747,0
2022,Subaru,Forester Wilderness AWD,SUV: Small,2.5,4,AV8,3620,210,0,198.71735,0
2022,Kia,Forte,Mid-size,1.6,4,AM7,3968,184,0,177.23294,0
2022,Kia,Forte,Mid-size,2,4,M6,3792,178,0,229.31294,0
2022,Kia,Forte,Mid-size,2,4,AV,3792,165,0,229.31294,0
2022,Kia,Forte 5,Full-size,1.6,4,AM7,3120,190,0,155.3962,0
2022,Kia,Forte 5,Full-size,2,4,AV,3120,169,0,208.36638,0
2022,Nissan,Frontier,Pickup truck: Standard,3.8,6,AS9,4508,266,0,306.10907,0
2022,Nissan,Frontier 4WD,Pickup truck: Standard,3.8,6,AS9,4512,288,0,303.8113,0
2022,Jaguar,F-TYPE P450 Convertible,Two-seater,5,8,AS8,3785,286,0,297.183,0
2022,Jaguar,F-TYPE P450 Convertible AWD,Two-seater,5,8,AS8,5378,299,1,338.36353,1
2022,Jaguar,F-TYPE P450 Coupe,Two-seater,5,8,AS8,3760,286,0,297.3472,1
2022,Jaguar,F-TYPE P450 Coupe AWD,Two-seater,5,8,AS8,3760,299,1,297.3472,1
2022,Jaguar,F-TYPE R Convertible AWD,Two-seater,5,8,AS8,3887,299,0,291.8453,0
2022,Jaguar,F-TYPE R Coupe AWD,Two-seater,5,8,AS8,3843,299,0,296.61694,0
2022,Genesis,G70 AWD,Compact,3.3,6,AS8,3516,273,0,295.88388,1
2022,Genesis,G80 AWD,Full-size,3.5,6,AS8,3957,298,0,274.35403,0
2022,Genesis,G80 AWD,Full-size,2.5,4,AS8,3957,225,0,240.54182,0
2022,Genesis,G90 AWD,Full-size,5,8,AS8,4663,303,0,309.36136,0
2022,Maserati,Ghibli GT,Mid-size,3,6,A8,4140,271,0,301.74823,0
2022,Maserati,Ghibli Modena,Mid-size,3,6,A8,3990,271,0,302.83298,0
2022,Maserati,Ghibli Modena AWD,Mid-size,3,6,A8,3990,293,0,302.83298,0
2022,Maserati,Ghibli Trofeo,Mid-size,3.8,8,A8,4453,348,0,326.53232,0
2022,Rolls-Royce,Ghost,Full-size,6.7,12,AS8,5445,387,0,361.49554,0
2022,Rolls-Royce,Ghost Black Badge,Full-size,6.7,12,AS8,5445,387,0,361.49554,0
2022,Rolls-Royce,Ghost EWB,Full-size,6.7,12,AS8,5445,387,0,361.49554,0
2022,Alfa Romeo,Giulia,Mid-size,2,4,A8,3521,205,0,223.40967,0
2022,Alfa Romeo,Giulia AWD,Mid-size,2,4,A8,3632,217,0,204.28104,0
2022,Alfa Romeo,Giulia Quadrifoglio,Mid-size,2.9,6,A8,3806,271,0,288.5186,0
2022,Mercedes-Benz,GLA 250 4MATIC SUV,SUV: Small,2,4,AM8,3494,210,0,229.32697,0
2022,Jeep,Gladiator 4X4,Pickup truck: Standard,3.6,6,M6,4650,296,0,308.00974,0
2022,Jeep,Gladiator 4X4,Pickup truck: Standard,3.6,6,A8,5071,290,0,306.54874,0
2022,Jeep,Gladiator 4X4 EcoDiesel,Pickup truck: Standard,3,6,A8,4971,263,0,288.8736,0
2022,Jeep,Gladiator 4X4 Rubicon EcoDiesel,Pickup truck: Standard,3,6,A8,4989,271,0,309.42264,0
2022,Mercedes-Benz,GLB 250 4MATIC SUV,SUV: Small,2,4,AM8,3494,224,0,229.32697,0
2022,Mercedes-Benz,GLC 300 4MATIC Coupe,SUV: Small,2,4,A9,4028,237,0,227.01804,0
2022,Mercedes-Benz,GLC 300 4MATIC SUV,SUV: Small,2,4,A9,3977,242,0,220.84071,0
2022,Mercedes-Benz,GLE 350 4MATIC SUV,SUV: Standard,2,4,A9,4718,250,0,251.2673,0
2022,Mercedes-Benz,GLE 450 4MATIC Coupe,SUV: Standard,3,6,A9,5016,247,0,309.42264,0
2022,Mercedes-Benz,GLE 450 4MATIC SUV,SUV: Standard,3,6,A9,5016,244,0,309.42264,0
2022,Mercedes-Benz,GLS 450 4MATIC SUV,SUV: Standard,3,6,A9,5016,269,0,309.42264,0
2022,Volkswagen,Golf GTI,Mid-size,2,4,M6,3113,198,0,199.69812,0
2022,Volkswagen,Golf GTI,Mid-size,2,4,AM7,3190,194,0,210.13373,0
2022,Volkswagen,Golf R,Mid-size,2,4,M6,3417,237,1,212.89659,0
2022,Volkswagen,Golf R,Mid-size,2,4,AM7,3481,213,0,182.27016,0
2022,Toyota,GR 86,Minicompact,2.4,4,M6,2800,246,1,226.30838,0
2022,Toyota,GR 86,Minicompact,2.4,4,AS6,2800,224,0,226.30838,0
2022,Toyota,GR Supra 2.0,Two-seater,2,4,AS8,3181,195,0,208.90878,0
2022,Toyota,GR Supra 3.0,Two-seater,3,6,AS8,3400,218,0,258.10614,0
2022,Chrysler,Grand Caravan,Minivan,3.6,6,A9,4330,249,0,284.47305,0
2022,Jeep,Grand Cherokee 4X4,SUV: Standard,5.7,8,A8,4721,331,0,304.72183,0
2022,Jeep,Grand Cherokee 4X4,SUV: Standard,3.6,6,A8,4365,256,0,297.0958,0
2022,Jeep,Grand Cherokee L 4X4,SUV: Standard,5.7,8,A8,4997,331,0,329.05478,1
2022,Jeep,Grand Cherokee L 4X4,SUV: Standard,3.6,6,A8,4658,266,0,308.00974,0
2022,Jeep,Grand Cherokee WK 4X4,SUV: Standard,3.6,6,A8,4513,265,0,302.8955,0
2022,Jeep,Grand Wagoneer 4X4,SUV: Standard,6.4,8,A8,6420,374,1,369.87198,1
2022,Ford,GT,Two-seater,3.5,6,AM7,3705,395,1,274.91876,0
2022,Genesis,GV70 AWD,SUV: Small,3.5,6,AS8,4167,275,0,283.71106,0
2022,Genesis,GV70 AWD,SUV: Small,2.5,4,AS8,4167,229,0,227.39673,0
2022,Genesis,GV80 AWD,SUV: Standard,3.5,6,AS8,4707,279,0,315.0203,0
2022,Genesis,GV80 AWD,SUV: Standard,2.5,4,AS8,4707,248,0,242.72638,0
2022,Lexus,GX 460,SUV: Standard,4.6,8,AS6,5130,337,1,349.19162,1
2022,Toyota,Highlander AWD,SUV: Small,3.5,6,AS8,4450,241,0,303.8499,0
2022,Toyota,Highlander Hybrid AWD,SUV: Standard,2.5,4,AV,1565,158,0,221.97598,0
2022,Toyota,Highlander Hybrid AWD Limited/Platinum,SUV: Standard,2.5,4,AV,1570,156,0,221.97598,0
2022,Honda,HR-V,Station wagon: Small,1.8,4,AV,2906,181,0,188.14908,0
2022,Honda,HR-V AWD,Station wagon: Small,1.8,4,AV7,2906,200,0,188.14908,0
2022,Honda,HR-V AWD,Station wagon: Small,1.8,4,AV,2906,193,0,188.14908,0
2022,Lamborghini,Huracan evo Coupe,Two-seater,5.2,10,AM7,3419,371,0,345.41394,0
2022,Lamborghini,Huracan evo Coupe AWD,Two-seater,5.2,10,AM7,3419,370,0,345.41394,0
2022,Lamborghini,Huracan evo Spyder,Two-seater,5.2,10,AM7,3611,371,0,338.393,0
2022,Lamborghini,Huracan evo Spyder AWD,Two-seater,5.2,10,AM7,3351,370,0,352.03766,0
2022,Acura,ILX,Compact,2.4,4,AM8,3095,200,0,199.6437,0
2022,Subaru,Impreza 4-Door AWD,Mid-size,2,4,M5,2976,209,0,194.04263,0
2022,Subaru,Impreza 4-Door AWD,Mid-size,2,4,AV7,3047,174,0,189.72502,0
2022,Subaru,Impreza 5-Door AWD,Station wagon: Small,2,4,M5,2989,211,0,199.7661,0
2022,Subaru,Impreza 5-Door AWD,Station wagon: Small,2,4,AV7,3058,178,0,189.72502,0
2022,Hyundai,IONIQ,Full-size,1.6,4,AM6,2996,99,0,121.744965,0
2022,Hyundai,IONIQ Blue,Full-size,1.6,4,AM6,2996,94,0,121.744965,0
2022,Lexus,IS 300,Compact,2,4,AS6,3715,221,0,216.40683,0
2022,Lexus,IS 300 AWD,Compact,3.5,6,AS6,3847,253,0,257.2391,0
2022,Lexus,IS 350 AWD,Compact,3.5,6,AS6,3880,253,0,279.18573,0
2022,Lexus,IS 500,Compact,5,8,AS8,3891,280,0,289.65854,0
2022,Volkswagen,Jetta,Compact,1.5,4,M6,2915,161,0,146.90488,0
2022,Volkswagen,Jetta,Compact,1.5,4,AS8,2989,159,0,116.714645,0
2022,Volkswagen,Jetta GLI,Compact,2,4,M6,3272,186,0,230.76491,0
2022,Volkswagen,Jetta GLI,Compact,2,4,AM7,3355,185,0,215.63564,0
2022,Volkswagen,Jetta SE/SEL,Compact,1.5,4,AS8,3060,167,0,170.76227,0
2022,MINI,John Cooper Works 3 Door,Subcompact,2,4,M6,2952,211,0,208.6483,0
2022,MINI,John Cooper Works 3 Door,Subcompact,2,4,AS8,2952,191,0,208.6483,0
2022,MINI,John Cooper Works Clubman ALL4,Mid-size,2,4,AS8,3527,210,0,211.0219,0
2022,MINI,John Cooper Works Convertible,Minicompact,2,4,AS8,3120,198,0,208.36638,0
2022,MINI,John Cooper Works Countryman ALL4,Mid-size,2,4,AS8,3789,210,0,205.9131,0
2022,Kia,K5,Full-size,2.5,4,AM8,3571,207,0,181.04953,0
2022,Kia,K5 AWD,Full-size,1.6,4,AS8,3228,195,0,165.45879,0
2022,Nissan,Kicks,Mid-size,1.6,4,AV,2738,169,0,165.94962,0
2022,Hyundai,Kona,SUV: Small,2,4,AV,2899,174,0,187.6752,0
2022,Hyundai,Kona AWD,SUV: Small,1.6,4,AM7,2899,193,0,195.08418,0
2022,Hyundai,Kona AWD,SUV: Small,2,4,AV,2899,187,0,187.6752,0
2022,Hyundai,Kona N,SUV: Small,2,4,AM8,3106,246,1,199.69812,0
2022,Lexus,LC 500,Subcompact,5,8,AS10,4540,294,0,312.38544,0
2022,Lexus,LC 500 Convertible,Minicompact,5,8,AS10,4540,304,0,312.38544,0
2022,Lexus,LC 500h,Subcompact,3.5,6,AV10,4420,189,0,297.10532,1
2022,Subaru,Legacy AWD,Full-size,2.4,4,AV8,3779,205,0,226.79642,0
2022,Subaru,Legacy AWD,Full-size,2.5,4,AV8,3505,184,0,196.86441,0
2022,Maserati,Levante GT,SUV: Standard,3,6,A8,4607,308,0,281.64587,0
2022,Maserati,Levante Modena,SUV: Standard,3,6,A8,4649,308,0,323.88763,0
2022,Maserati,Levante Modena V8,SUV: Standard,3.8,8,A8,5070,349,0,344.66232,0
2022,Maserati,Levante Trofeo,SUV: Standard,3.8,8,A8,5070,349,0,344.66232,0
2022,Lexus,LS 500 AWD,Mid-size,3.4,6,AS10,4905,270,0,283.753,0
2022,Lexus,LS 500h AWD,Mid-size,3.5,6,AV10,5302,216,0,319.7912,0
2022,Lexus,LX 600,SUV: Standard,3.4,6,AS10,5665,298,0,315.70596,0
2022,BMW,M235i xDrive Gran Coupe,Compact,2,4,AS8,3605,214,0,179.1667,0
2022,BMW,M240i xDrive Coupe,Subcompact,3,6,AS8,3871,212,0,277.3577,1
2022,BMW,M3 Competition Sedan,Compact,3,6,AS8,3890,292,1,280.00128,0
2022,BMW,M3 Competition Sedan M xDrive,Compact,3,6,AS8,3990,296,1,302.83298,1
2022,BMW,M3 Sedan,Compact,3,6,M6,3840,293,1,279.677,0
2022,BMW,M340i xDrive Sedan,Compact,3,6,AS8,3968,214,0,272.2587,0
2022,BMW,M4 Competition Cabriolet M xDrive,Subcompact,3,6,AS8,4233,301,1,297.50525,1
2022,BMW,M4 Competition Coupe,Subcompact,3,6,AS8,3880,292,1,279.92706,0
2022,BMW,M4 Competition Coupe M xDrive,Subcompact,3,6,AS8,3913,296,1,290.55237,0
2022,BMW,M4 Coupe,Subcompact,3,6,M6,3830,293,1,278.78925,0
2022,BMW,M440i xDrive Cabriolet,Subcompact,3,6,AS8,3858,211,0,277.3577,0
2022,BMW,M440i xDrive Coupe,Subcompact,3,6,AS8,3858,214,0,277.3577,0
2022,BMW,M440i xDrive Gran Coupe,Compact,3,6,AS8,4169,224,0,286.91696,0
2022,BMW,M5 Competition,Mid-size,4.4,8,AS8,4090,322,0,308.45605,0
2022,BMW,M5 CS,Mid-size,4.4,8,AS8,4114,322,0,311.7499,0
2022,BMW,M5 Sedan,Mid-size,4.4,8,AS8,4345,322,0,324.4023,0
2022,BMW,M550i xDrive Sedan,Mid-size,4.4,8,AS8,4275,271,0,316.95035,0
2022,BMW,M760i xDrive Sedan,Full-size,6.6,12,AS8,5159,354,0,376.8919,0
2022,BMW,M8 Cabriolet,Subcompact,4.4,8,AS8,4464,322,0,318.1491,0
2022,BMW,M8 Cabriolet Competition,Subcompact,4.4,8,AS8,4672,322,0,320.90546,0
2022,BMW,M8 Coupe,Subcompact,4.4,8,AS8,4431,322,0,318.5123,0
2022,BMW,M8 Coupe Competition,Subcompact,4.4,8,AS8,4295,322,0,318.5817,0
2022,BMW,M8 Gran Coupe,Mid-size,4.4,8,AS8,4295,322,0,318.5817,0
2022,BMW,M8 Gran Coupe Competition,Mid-size,4.4,8,AS8,4480,322,0,315.2921,0
2022,BMW,M850i xDrive Cabriolet,Subcompact,4.4,8,AS8,4650,279,0,313.26138,0
2022,BMW,M850i xDrive Coupe,Subcompact,4.4,8,AS8,4758,271,0,326.62842,0
2022,BMW,M850i xDrive Gran Coupe,Mid-size,4.4,8,AS8,4758,279,0,326.62842,1
2022,Porsche,Macan,SUV: Small,2,4,AM7,4151,263,0,228.12668,0
2022,Porsche,Macan GTS,SUV: Small,2.9,6,AM7,4321,290,0,294.02167,0
2022,Porsche,Macan S,SUV: Small,2.9,6,AM7,4254,289,0,279.47382,0
2022,Chevrolet,Malibu,Mid-size,2,4,A9,3135,213,0,204.58054,0
2022,Chevrolet,Malibu,Mid-size,1.5,4,AV,3135,175,0,180.52303,0
2022,Ford,Maverick AWD,Pickup truck: Small,2,4,A8,3693,226,0,215.99487,0
2022,Ford,Maverick Hybrid,Pickup truck: Small,2.5,4,AV,3636,147,0,199.80643,0
2022,Nissan,Maxima,Mid-size,3.5,6,AV7,3713,233,0,277.32315,0
2022,Mercedes-Benz,Maybach S 580 4MATIC Sedan,Full-size,4,8,A9,5236,301,0,322.53937,0
2022,Mazda,Mazda3 4-Door,Compact,2.5,4,AS6,3092,183,0,201.35156,0
2022,Mazda,Mazda3 4-Door,Compact,2,4,AS6,3100,178,0,182.49515,0
2022,Mazda,Mazda3 4-Door (SIL),Compact,2,4,M6,3100,180,0,182.49515,0
2022,Mazda,Mazda3 4-Door 4WD,Compact,2.5,4,AS6,3092,199,0,201.35156,0
2022,Mazda,Mazda3 4-Door Turbo 4WD,Compact,2.5,4,AS6,3379,207,0,189.58585,0
2022,Mazda,Mazda3 5-Door,Mid-size,2.5,4,AS6,3092,190,0,201.35156,0
2022,Mazda,Mazda3 5-Door,Mid-size,2,4,AS6,3100,181,0,182.49515,0
2022,Mazda,Mazda3 5-Door (SIL),Mid-size,2.5,4,M6,3092,198,0,201.35156,0
2022,Mazda,Mazda3 5-Door (SIL),Mid-size,2,4,M6,3100,181,0,182.49515,0
2022,Mazda,Mazda3 5-Door 4WD,Mid-size,2.5,4,AS6,3379,200,0,189.58585,0
2022,Mazda,Mazda3 5-Door Turbo 4WD,Mid-size,2.5,4,AS6,3379,209,0,189.58585,0
2022,Maserati,MC20,Two-seater,3,6,AS8,3307,295,0,246.54138,0
2022,Acura,MDX SH-AWD,SUV: Small,3.5,6,AS10,4503,263,0,289.66962,0
2022,Mercedes-Benz,Metris Cargo Van,Special purpose vehicle,2,4,A9,4123,267,0,233.08733,0
2022,Mercedes-Benz,Metris Cargo Van LWB,Special purpose vehicle,2,4,A9,4178,267,0,236.5152,0
2022,Mercedes-Benz,Metris Passenger Van,Special purpose vehicle,2,4,A9,4409,282,0,256.44183,0
2022,Mitsubishi,Mirage,Compact,1.2,3,M5,2117,151,0,146.14551,0
2022,Mitsubishi,Mirage,Compact,1.2,3,AV,2117,143,0,146.14551,0
2022,Nissan,Murano AWD,Station wagon: Mid-size,3.5,6,AV7,3926,245,0,291.78687,1
2022,Ford,Mustang,Subcompact,5,8,M6,3827,314,1,310.18253,1
2022,Ford,Mustang,Subcompact,5,8,AS10,3832,298,1,310.18253,1
2022,Ford,Mustang,Subcompact,2.3,4,M6,3532,236,0,235.42398,0
2022,Ford,Mustang,Subcompact,2.3,4,AS10,3588,231,0,237.10269,0
2022,Ford,Mustang,Subcompact,2.3,4,A10,3704,220,0,235.29007,0
2022,Ford,Mustang (High Performance),Subcompact,2.3,4,M6,3532,246,0,235.42398,0
2022,Ford,Mustang (High Performance),Subcompact,2.3,4,AS10,3588,242,0,237.10269,0
2022,Ford,Mustang Convertible,Subcompact,5,8,AS10,4012,314,0,301.53262,0
2022,Ford,Mustang Convertible,Subcompact,2.3,4,AS10,3741,244,0,259.09103,0
2022,Ford,Mustang Convertible,Subcompact,2.3,4,M6,3825,244,0,258.3918,0
2022,Ford,Mustang Convertible,Subcompact,2.3,4,A10,3741,237,0,259.09103,0
2022,Ford,Mustang Convertible (High Performance),Subcompact,2.3,4,M6,3825,256,0,258.3918,0
2022,Ford,Mustang Convertible (High Performance),Subcompact,2.3,4,AS10,3741,252,0,259.09103,0
2022,Ford,Mustang Mach 1,Subcompact,5,8,M6,3949,339,1,297.2962,0
2022,Ford,Mustang Mach 1,Subcompact,5,8,AS10,3993,302,0,301.11896,0
2022,Mazda,MX-5,Two-seater,2,4,AS6,2341,186,0,185.60136,0
2022,Mazda,MX-5 (SIL),Two-seater,2,4,M6,2341,189,0,185.60136,0
2022,Lincoln,Nautilus AWD,SUV: Small,2.7,6,AS8,4545,262,0,304.5515,1
2022,Lincoln,Nautilus AWD,SUV: Small,2,4,A8,4545,252,0,235.66275,0
2022,Lincoln,Nautilus AWD,SUV: Small,2,4,AS8,4545,251,0,235.66275,0
2022,Lincoln,Navigator 4X4,SUV: Standard,3.5,6,AS10,5854,311,0,332.74216,1
2022,Kia,Niro,Station wagon: Small,1.6,4,AM6,3106,110,0,125.67348,0
2022,Kia,Niro FE,Station wagon: Small,1.6,4,AM6,3117,110,0,155.3962,0
2022,Kia,Niro Touring,Station wagon: Small,1.6,4,AM6,3234,124,0,170.77283,0
2022,Lexus,NX 250 AWD,SUV: Small,2.5,4,AS8,3790,198,0,241.91422,0
2022,Lexus,NX 350 AWD,SUV: Small,2.4,4,AS8,4035,221,0,239.74934,0
2022,Lexus,NX 350 AWD F SPORT,SUV: Small,2.4,4,AS8,4035,222,0,239.74934,0
2022,Lexus,NX 350h AWD,SUV: Small,2.5,4,AV6,4080,140,0,222.43822,0
2022,Honda,Odyssey,Minivan,3.5,6,AS10,4398,248,0,266.5929,0
2022,Subaru,Outback AWD,SUV: Small,2.4,4,AV8,3500,213,0,210.43044,0
2022,Subaru,Outback AWD,SUV: Small,2.5,4,AV8,3657,192,0,200.68675,0
2022,Subaru,Outback Wilderness AWD,SUV: Small,2.4,4,AV8,3500,235,0,210.43044,0
2022,Mitsubishi,Outlander 4WD,SUV: Small,2.5,4,AV8,3726,208,0,216.19884,0
2022,Chrysler,Pacifica,Minivan,3.6,6,A9,4521,249,0,294.17935,0
2022,Chrysler,Pacifica AWD,Minivan,3.6,6,A9,4521,279,0,294.17935,0
2022,Hyundai,Palisade AWD,SUV: Standard,3.8,6,AS8,4127,265,0,287.73657,0
2022,Porsche,Panamera,Full-size,2.9,6,AM8,4188,274,0,296.92172,0
2022,Porsche,Panamera 4,Full-size,2.9,6,AM8,4301,274,0,294.59363,0
2022,Porsche,Panamera 4 Executive,Full-size,2.9,6,AM8,4453,289,0,288.54956,0
2022,Porsche,Panamera 4 ST,Full-size,2.9,6,AM8,4403,274,0,298.26126,0
2022,Porsche,Panamera 4S,Full-size,2.9,6,AM8,4336,276,0,284.57315,0
2022,Porsche,Panamera 4S Executive,Full-size,2.9,6,AM8,4453,292,0,288.54956,0
2022,Porsche,Panamera 4S ST,Full-size,2.9,6,AM8,4336,292,0,284.57315,0
2022,Porsche,Panamera GTS,Full-size,4,8,AM8,4561,323,0,344.91525,0
2022,Porsche,Panamera GTS ST,Full-size,4,8,AM8,4561,323,0,344.91525,0
2022,Porsche,Panamera Turbo S,Full-size,4,8,AM8,4585,326,0,329.0873,0
2022,Porsche,Panamera Turbo S Executive,Full-size,4,8,AM8,4839,326,0,352.7124,0
2022,Porsche,Panamera Turbo S ST,Full-size,4,8,AM8,4839,326,0,352.7124,0
2022,Volkswagen,Passat,Mid-size,2,4,AS6,3369,196,0,218.08405,0
2022,Honda,Passport AWD,SUV: Small,3.5,6,AS9,4057,265,0,294.4401,0
2022,Nissan,Pathfinder 4WD,SUV: Small,3.5,6,AS9,4469,246,0,300.52014,0
2022,Rolls-Royce,Phantom,Full-size,6.7,12,AS8,5754,382,0,363.0018,0
2022,Rolls-Royce,Phantom EWB,Full-size,6.7,12,AS8,6061,382,0,369.11343,0
2022,Honda,Pilot AWD,SUV: Small,3.5,6,AS9,4030,256,0,307.4059,0
2022,Honda,Pilot AWD TrailSport,SUV: Small,3.5,6,AS9,4290,260,0,278.51718,0
2022,Toyota,Prius,Mid-size,1.8,4,AV,3010,106,0,155.43599,0
2022,Toyota,Prius AWD,Mid-size,1.8,4,AV,3220,111,0,133.53221,0
2022,Ram,ProMaster City,Special purpose vehicle,2.4,4,A9,3635,232,0,222.93889,0
2022,Audi,Q3 40 TFSI quattro,SUV: Small,2,4,AS8,3902,215,0,235.2564,1
2022,Audi,Q3 45 TFSI quattro,SUV: Small,2,4,AS8,3916,233,1,231.35162,0
2022,Audi,Q5 40 TFSI quattro,SUV: Small,2,4,AM7,4079,217,0,225.75867,0
2022,Audi,Q5 45 TFSI quattro,SUV: Small,2,4,AM7,4079,220,0,225.75867,0
2022,Audi,Q5 Sportback 45 TFSI quattro,SUV: Small,2,4,AM7,4178,220,0,236.5152,0
2022,Infiniti,Q50 AWD,Mid-size,3,6,AS7,3937,254,0,280.6907,0
2022,Infiniti,Q50 AWD Red Sport,Mid-size,3,6,AS7,4054,261,0,299.34164,1
2022,Infiniti,Q60 AWD,Subcompact,3,6,AS7,3915,252,0,285.47473,0
2022,Infiniti,Q60 AWD Red Sport,Subcompact,3,6,AS7,4048,259,0,291.2924,1
2022,Audi,Q7 45 TFSI quattro,SUV: Standard,2,4,AS8,4806,252,0,276.5746,0
2022,Audi,Q7 55 TFSI quattro,SUV: Standard,3,6,AS8,4971,273,0,288.8736,0
2022,Audi,Q8 55 TFSI quattro,SUV: Standard,3,6,AS8,4960,273,0,288.8736,0
2022,Nissan,Qashqai,Station wagon: Small,2,4,M6,3311,213,0,176.60358,0
2022,Nissan,Qashqai,Station wagon: Small,2,4,AV8,3311,188,0,176.60358,0
2022,Nissan,Qashqai AWD,Station wagon: Small,2,4,AV8,3459,196,0,202.28773,0
2022,Maserati,Quattroporte GT,Full-size,3,6,A8,3880,281,0,279.92706,0
2022,Maserati,Quattroporte Modena,Full-size,3,6,A8,4233,281,0,297.50525,0
2022,Maserati,Quattroporte Modena AWD,Full-size,3,6,A8,4233,293,0,297.50525,0
2022,Maserati,Quattroporte Trofeo,Full-size,3.8,8,A8,4541,348,0,322.9112,0
2022,Infiniti,QX50 AWD,SUV: Small,2,4,AV8,3937,228,0,233.06403,0
2022,Infiniti,QX55 AWD,SUV: Small,2,4,AV8,4019,223,0,230.42082,0
2022,Infiniti,QX60 AWD,SUV: Standard,3.5,6,AS9,4555,253,0,296.19678,0
2022,Infiniti,QX80 4WD,SUV: Standard,5.6,8,AS7,5889,355,1,346.85205,1
2022,Audi,R8 Coupe Performance,Two-seater,5.2,10,AM7,3594,322,0,343.2281,0
2022,Audi,R8 Coupe Performance quattro,Two-seater,5.2,10,AM7,3638,356,0,336.0985,0
2022,Audi,R8 Spyder Performance,Two-seater,5.2,10,AM7,3847,322,0,323.0158,0
2022,Audi,R8 Spyder Performance quattro,Two-seater,5.2,10,AM7,3913,356,0,333.3729,0
2022,Land Rover,Range Rover P360,SUV: Standard,3,6,AS8,5135,279,0,280.35526,0
2022,Land Rover,Range Rover P400,SUV: Standard,3,6,AS8,4974,279,0,288.8736,0
2022,Land Rover,Range Rover P525,SUV: Standard,5,8,AS8,7716,305,0,316.30023,0
2022,Land Rover,Range Rover P525 LWB,SUV: Standard,5,8,AS8,5254,305,0,308.69632,0
2022,Land Rover,Range Rover Sport HST P400,SUV: Standard,3,6,AS8,7716,269,0,282.9088,0
2022,Land Rover,Range Rover Sport P360,SUV: Standard,3,6,AS8,5135,269,0,280.35526,0
2022,Land Rover,Range Rover Sport P525,SUV: Standard,5,8,AS8,5254,294,0,308.69632,0
2022,Land Rover,Range Rover Sport P575 SVR,SUV: Standard,5,8,AS8,3727,336,0,291.13715,0
2022,Land Rover,Range Rover SVAutobiography,SUV: Standard,5,8,AS8,6000,354,0,324.76996,0
2022,Land Rover,Range Rover SVAutobiography LWB,SUV: Standard,5,8,AS8,5745,365,0,315.38602,0
2022,Ford,Ranger 4WD,Pickup truck: Standard,2.3,4,AS10,4354,256,0,257.58987,0
2022,Ford,Ranger 4WD (Without Stop-Start),Pickup truck: Standard,2.3,4,AS10,4354,262,0,257.58987,0
2022,Ford,Ranger 4WD Tremor,Pickup truck: Standard,2.3,4,AS10,4441,291,0,259.956,0
2022,Toyota,RAV4,SUV: Small,2.5,4,AS8,3655,184,0,200.68675,0
2022,Toyota,RAV4 (Stop/Start),SUV: Small,2.5,4,AS8,3560,180,0,194.68916,0
2022,Toyota,RAV4 AWD,SUV: Small,2.5,4,AS8,3655,198,0,200.68675,0
2022,Toyota,RAV4 AWD (Stop/Start),SUV: Small,2.5,4,AS8,3450,187,0,199.66682,0
2022,Toyota,RAV4 AWD LE,SUV: Small,2.5,4,AS8,3490,184,0,195.71346,0
2022,Toyota,RAV4 AWD TRD Off-Road,SUV: Small,2.5,4,AS8,3615,200,0,180.0472,0
2022,Toyota,RAV4 Hybrid AWD,SUV: Small,2.5,4,AV,4920,140,0,242.40175,0
2022,Lexus,RC 300 AWD,Subcompact,3.5,6,AS6,3891,253,0,277.4275,0
2022,Lexus,RC 350 AWD,Subcompact,3.5,6,AS6,3891,253,0,277.4275,0
2022,Lexus,RC F,Subcompact,5,8,AS8,3902,285,0,312.4884,0
2022,Acura,RDX SH-AWD,SUV: Small,2,4,AS10,3990,232,0,231.04283,0
2022,Acura,RDX SH-AWD A-SPEC,SUV: Small,2,4,AS10,4043,242,0,233.59201,0
2022,Jeep,Renegade,SUV: Small,1.3,4,A9,3056,204,0,215.46252,0
2022,Jeep,Renegade 4X4,SUV: Small,1.3,4,A9,3210,222,0,217.75063,0
2022,Jeep,Renegade 4X4 Trailhawk,SUV: Small,1.3,4,A9,3532,231,0,231.19568,0
2022,Honda,Ridgeline AWD,Pickup truck: Standard,3.5,6,AS9,4436,271,0,293.52188,0
2022,Kia,Rio,Compact,1.6,4,M6,3616,166,0,178.71706,0
2022,Kia,Rio,Compact,1.6,4,AV1,3616,159,0,178.71706,0
2022,Nissan,Rogue,SUV: Small,2.5,4,AV8,3494,190,0,195.71346,0
2022,Nissan,Rogue,SUV: Small,1.5,3,AV8,3616,169,0,196.6949,0
2022,Nissan,Rogue AWD,SUV: Small,2.5,4,AV8,3545,195,0,207.58194,0
2022,Nissan,Rogue AWD,SUV: Small,1.5,3,AV8,3494,179,0,206.34818,0
2022,Nissan,Rogue AWD SL/Platinum,SUV: Small,1.5,3,AV8,3715,181,0,208.35983,0
2022,Audi,RS 5 Coupe quattro,Subcompact,2.9,6,AS8,3990,267,0,305.0968,0
2022,Audi,RS 5 Sportback quattro,Mid-size,2.9,6,AS8,4057,268,0,299.18896,1
2022,Audi,RS 6 Avant quattro,Station wagon: Mid-size,4,8,AS8,4960,319,0,281.11212,0
2022,Audi,RS 7 Sportback quattro,Mid-size,4,8,AS8,4938,315,0,323.21164,0
2022,Audi,RS Q8 quattro,SUV: Standard,4,8,AS8,5490,360,0,330.22443,0
2022,Mitsubishi,RVR,SUV: Small,2,4,AV6,3296,206,0,230.60484,0
2022,Mitsubishi,RVR 4WD,SUV: Small,2.4,4,AV6,3263,218,0,265.92773,1
2022,Mitsubishi,RVR 4WD,SUV: Small,2,4,AV6,3263,213,0,230.76491,0
2022,Lexus,RX 350 AWD,SUV: Small,3.5,6,AS8,4387,252,0,265.1009,0
2022,Lexus,RX 350 L AWD,SUV: Small,3.5,6,AS8,4619,268,0,298.68057,0
2022,Lexus,RX 450h AWD,SUV: Standard,3.5,6,AV6,4740,185,0,302.8502,0
2022,Lexus,RX 450h L AWD,SUV: Standard,3.5,6,AV6,4905,190,0,263.71753,0
2022,Mercedes-Benz,S 500 4MATIC SWB Sedan,Full-size,3,6,A9,4553,231,0,297.27036,0
2022,Mercedes-Benz,S 580 4MATIC LWB Sedan,Full-size,4,8,A9,4771,285,0,324.1952,0
2022,Audi,S3 Sedan quattro,Subcompact,2,4,AM7,3538,206,0,211.0219,0
2022,Audi,S4 Sedan quattro,Compact,3,6,AS8,3792,227,0,280.02405,0
2022,Audi,S5 Cabriolet quattro,Subcompact,3,6,AS8,4222,233,0,283.16144,1
2022,Audi,S5 Coupe quattro,Subcompact,3,6,AS8,3605,227,0,289.44394,1
2022,Audi,S5 Sportback quattro,Mid-size,3,6,AS8,3605,227,0,289.44394,0
2022,Audi,S6 Sedan quattro,Mid-size,2.9,6,AS8,4486,254,0,283.14706,0
2022,Volvo,S60 B5,Compact,2,4,AS8,3784,186,0,205.9131,0
2022,Volvo,S60 B5 AWD,Compact,2,4,AS8,4013,193,0,230.42082,0
2022,Audi,S7 Sportback quattro,Mid-size,2.9,6,AS8,4486,254,0,283.14706,0
2022,Audi,S8 Sedan quattro,Full-size,4,8,AS8,5302,323,0,321.45523,0
2022,Volvo,S90 B6 AWD,Mid-size,2,4,AS8,4232,212,0,239.8642,0
2022,Hyundai,Santa Cruz AWD,Pickup truck: Small,2.5,4,AM8,3704,250,0,151.80486,0
2022,Hyundai,Santa Fe AWD,SUV: Small,2.5,4,AS8,3799,235,0,231.10217,0
2022,Hyundai,Santa Fe AWD,SUV: Small,2.5,4,AM8,3799,233,0,231.10217,0
2022,Hyundai,Santa Fe Hybrid,SUV: Small,1.6,4,AM6,4078,176,0,173.79279,0
2022,Kia,Seltos,SUV: Small,2,4,AV8,2987,182,0,199.7661,0
2022,Kia,Seltos AWD,SUV: Small,1.6,4,AM7,3318,205,0,175.32045,0
2022,Kia,Seltos AWD,SUV: Small,2,4,AV8,3186,195,0,210.13373,0
2022,Nissan,Sentra,Mid-size,2,4,M6,3038,185,0,191.63322,0
2022,Nissan,Sentra,Mid-size,2,4,AV,3038,167,0,191.63322,0
2022,Nissan,Sentra SR,Mid-size,2,4,M6,3084,189,0,182.49515,0
2022,Nissan,Sentra SR,Mid-size,2,4,AV,3084,171,0,182.49515,0
2022,Toyota,Sequoia 4WD,SUV: Standard,5.7,8,AS6,6000,385,1,373.84238,1
2022,Ford,Shelby GT500 Mustang,Subcompact,5.2,8,AM7,4183,392,1,333.7227,1
2022,Toyota,Sienna,Minivan,2.5,4,AV,4610,154,0,160.8184,0
2022,Toyota,Sienna AWD,Minivan,2.5,4,AV,4675,158,0,217.8563,0
2022,GMC,Sierra,Pickup truck: Standard,5.3,8,A8,4614,314,0,313.0295,0
2022,GMC,Sierra,Pickup truck: Standard,5.3,8,A10,4614,305,0,313.0295,0
2022,GMC,Sierra,Pickup truck: Standard,2.7,4,A8,4290,274,0,258.1251,0
2022,GMC,Sierra,Pickup truck: Standard,3,6,A10,4359,245,0,292.40115,0
2022,GMC,Sierra 4WD,Pickup truck: Standard,6.2,8,A10,5418,329,0,342.49612,1
2022,GMC,Sierra 4WD,Pickup truck: Standard,5.3,8,A8,5022,327,0,311.8618,0
2022,GMC,Sierra 4WD,Pickup truck: Standard,5.3,8,A10,5022,318,0,311.8618,0
2022,GMC,Sierra 4WD,Pickup truck: Standard,2.7,4,A8,4509,306,0,274.362,0
2022,GMC,Sierra 4WD,Pickup truck: Standard,3,6,A10,4601,265,0,281.64587,0
2022,GMC,Sierra 4WD (No DFM),Pickup truck: Standard,5.3,8,A10,5022,347,0,311.8618,0
2022,GMC,Sierra 4WD (No Stop-Start),Pickup truck: Standard,6.2,8,A10,5418,345,0,342.49612,1
2022,GMC,Sierra 4WD (No Stop-Start),Pickup truck: Standard,5.3,8,A10,5022,338,0,311.8618,0
2022,GMC,Sierra 4WD (With Sport Mode),Pickup truck: Standard,5.3,8,A10,5022,329,0,311.8618,0
2022,GMC,Sierra 4WD FFV,Pickup truck: Standard,5.3,8,A6,5079,347,0,297.82852,0
2022,GMC,Sierra 4WD FFV,Pickup truck: Standard,5.3,8,A6,5079,347,0,297.82852,0
2022,GMC,Sierra 4WD FFV,Pickup truck: Standard,5.3,8,A6,5079,326,0,297.82852,0
2022,GMC,Sierra 4WD FFV,Pickup truck: Standard,5.3,8,A6,5079,326,0,297.82852,0
2022,GMC,Sierra 4WD Mud Terrain Tire,Pickup truck: Standard,5.3,8,A10,5042,360,1,297.82852,0
2022,GMC,Sierra 4WD Mud Terrain Tire,Pickup truck: Standard,5.3,8,A8,5042,359,1,297.82852,0
2022,GMC,Sierra 4WD Mud Terrain Tire,Pickup truck: Standard,6.2,8,A10,5620,352,1,334.59848,1
2022,GMC,Sierra 4WD Mud Terrain Tire,Pickup truck: Standard,2.7,4,A8,4710,328,0,274.2624,0
2022,GMC,Sierra 4WD Mud Terrain Tire,Pickup truck: Standard,3,6,A10,4828,298,0,278.60425,0
2022,GMC,Sierra 4WD Mud Terrain Tire (No DFM),Pickup truck: Standard,5.3,8,A10,5042,381,1,297.82852,0
2022,GMC,Sierra 4WD Mud Terrain Tire (No Stop-Start),Pickup truck: Standard,6.2,8,A10,5620,385,1,334.59848,1
2022,GMC,Sierra 4WD Mud Terrain Tire FFV,Pickup truck: Standard,5.3,8,A6,5280,380,1,311.10825,0
2022,GMC,Sierra 4WD Mud Terrain Tire FFV,Pickup truck: Standard,5.3,8,A6,5280,380,1,311.10825,0
2022,GMC,Sierra 4WD Mud Terrain Tire FFV,Pickup truck: Standard,5.3,8,A6,5280,358,1,311.10825,0
2022,GMC,Sierra 4WD Mud Terrain Tire FFV,Pickup truck: Standard,5.3,8,A6,5280,358,1,311.10825,0
2022,GMC,Sierra FFV,Pickup truck: Standard,5.3,8,A6,4815,341,0,321.6246,1
2022,GMC,Sierra FFV,Pickup truck: Standard,5.3,8,A6,4815,341,0,321.6246,1
2022,GMC,Sierra FFV,Pickup truck: Standard,5.3,8,A6,4815,321,0,321.6246,1
2022,GMC,Sierra FFV,Pickup truck: Standard,5.3,8,A6,4815,321,0,321.6246,1
2022,Chevrolet,Silverado,Pickup truck: Standard,5.3,8,A8,4860,314,0,317.69717,0
2022,Chevrolet,Silverado,Pickup truck: Standard,5.3,8,A10,4860,304,0,317.69717,0
2022,Chevrolet,Silverado,Pickup truck: Standard,2.7,4,A8,4400,274,0,279.72003,0
2022,Chevrolet,Silverado,Pickup truck: Standard,3,6,A10,4400,240,0,278.2234,0
2022,Chevrolet,Silverado 4WD,Pickup truck: Standard,6.2,8,A10,5320,329,0,365.76602,1
2022,Chevrolet,Silverado 4WD,Pickup truck: Standard,5.3,8,A8,5060,327,0,297.82852,0
2022,Chevrolet,Silverado 4WD,Pickup truck: Standard,5.3,8,A10,5209,314,0,311.10825,0
2022,Chevrolet,Silverado 4WD,Pickup truck: Standard,2.7,4,A8,4700,306,0,273.70593,0
2022,Chevrolet,Silverado 4WD,Pickup truck: Standard,3,6,A10,4921,272,0,292.2548,0
2022,Chevrolet,Silverado 4WD (No DFM),Pickup truck: Standard,5.3,8,A10,5060,347,0,297.82852,0
2022,Chevrolet,Silverado 4WD (No Stop-Start),Pickup truck: Standard,6.2,8,A10,5320,345,0,365.76602,1
2022,Chevrolet,Silverado 4WD (No Stop-Start),Pickup truck: Standard,5.3,8,A10,5060,339,0,297.82852,0
2022,Chevrolet,Silverado 4WD (With Sport Mode),Pickup truck: Standard,5.3,8,A10,5060,327,0,297.82852,0
2022,Chevrolet,Silverado 4WD (With Sport Mode),Pickup truck: Standard,3,6,A10,4921,265,0,292.2548,0
2022,Chevrolet,Silverado 4WD Custom Trail Boss,Pickup truck: Standard,6.2,8,A10,5320,352,1,365.76602,1
2022,Chevrolet,Silverado 4WD FFV,Pickup truck: Standard,5.3,8,A6,4969,347,0,293.1736,0
2022,Chevrolet,Silverado 4WD FFV,Pickup truck: Standard,5.3,8,A6,4969,347,0,293.1736,0
2022,Chevrolet,Silverado 4WD FFV,Pickup truck: Standard,5.3,8,A6,4969,326,0,293.1736,0
2022,Chevrolet,Silverado 4WD FFV,Pickup truck: Standard,5.3,8,A6,4969,326,0,293.1736,0
2022,Chevrolet,Silverado 4WD Mud Terrain Tire,Pickup truck: Standard,5.3,8,A10,5209,361,1,311.10825,0
2022,Chevrolet,Silverado 4WD Mud Terrain Tire,Pickup truck: Standard,5.3,8,A8,5209,359,1,311.10825,0
2022,Chevrolet,Silverado 4WD Mud Terrain Tire,Pickup truck: Standard,6.2,8,A10,5209,352,1,355.806,1
2022,Chevrolet,Silverado 4WD Mud Terrain Tire,Pickup truck: Standard,2.7,4,A8,4700,328,0,273.70593,0
2022,Chevrolet,Silverado 4WD Mud Terrain Tire,Pickup truck: Standard,3,6,A10,4921,298,0,292.2548,0
2022,Chevrolet,Silverado 4WD Mud Terrain Tire (No DFM),Pickup truck: Standard,5.3,8,A10,5209,381,1,311.10825,0
2022,Chevrolet,Silverado 4WD Mud Terrain Tire (No Stop-Start),Pickup truck: Standard,6.2,8,A10,5209,385,1,355.806,1
2022,Chevrolet,Silverado 4WD Mud Terrain Tire (No Stop-Start),Pickup truck: Standard,5.3,8,A10,5209,364,1,311.10825,0
2022,Chevrolet,Silverado 4WD Mud Terrain Tire FFV,Pickup truck: Standard,5.3,8,A6,5209,380,1,311.10825,0
2022,Chevrolet,Silverado 4WD Mud Terrain Tire FFV,Pickup truck: Standard,5.3,8,A6,5209,380,1,311.10825,0
2022,Chevrolet,Silverado 4WD Mud Terrain Tire FFV,Pickup truck: Standard,5.3,8,A6,5209,358,1,311.10825,0
2022,Chevrolet,Silverado 4WD Mud Terrain Tire FFV,Pickup truck: Standard,5.3,8,A6,5209,358,1,311.10825,0
2022,Chevrolet,Silverado 4WD ZR2,Pickup truck: Standard,6.2,8,A10,5620,366,1,334.59848,1
2022,Chevrolet,Silverado FFV,Pickup truck: Standard,5.3,8,A6,5060,341,0,297.82852,0
2022,Chevrolet,Silverado FFV,Pickup truck: Standard,5.3,8,A6,5060,341,0,297.82852,0
2022,Chevrolet,Silverado FFV,Pickup truck: Standard,5.3,8,A6,5060,321,0,297.82852,0
2022,Chevrolet,Silverado FFV,Pickup truck: Standard,5.3,8,A6,5060,321,0,297.82852,0
2022,Hyundai,Sonata,Full-size,2.5,4,AM8,3120,208,0,196.02841,0
2022,Hyundai,Sonata,Full-size,1.6,4,AS8,3120,183,0,155.3962,0
2022,Hyundai,Sonata,Full-size,2.5,4,AS8,3120,182,0,196.02841,0
2022,Hyundai,Sonata Hybrid,Full-size,2,4,AM6,3325,117,0,170.11118,0
2022,Kia,Sorento AWD,SUV: Small,2.5,4,AM8,3856,234,0,205.50089,0
2022,Kia,Sorento AWD,SUV: Small,2.5,4,AS8,3856,227,0,205.50089,0
2022,Kia,Sorento Hybrid AWD,SUV: Small,1.6,4,AM6,4502,157,0,171.40874,0
2022,Kia,Soul,Station wagon: Small,2,4,AV,2844,187,0,201.32372,0
2022,Chevrolet,Spark,Subcompact,1.4,4,M5,2278,170,0,165.85905,0
2022,Chevrolet,Spark,Subcompact,1.4,4,AV,2278,165,0,165.85905,0
2022,Kia,Sportage,SUV: Small,2.4,4,AS6,3448,214,0,235.13684,1
2022,Kia,Sportage AWD,SUV: Small,2,4,AS6,3997,261,1,231.04283,0
2022,Kia,Sportage AWD,SUV: Small,2.4,4,AS6,3448,238,1,235.13684,1
2022,Audi,SQ5 quattro,SUV: Small,3,6,AS8,4288,262,0,278.39407,0
2022,Audi,SQ5 Sportback quattro,SUV: Small,3,6,AS8,4288,262,0,278.39407,0
2022,Audi,SQ7 quattro,SUV: Standard,4,8,AS8,5291,325,0,321.45523,0
2022,Audi,SQ8 quattro,SUV: Standard,4,8,AS8,5005,325,0,301.2169,0
2022,Alfa Romeo,Stelvio,SUV: Small,2,4,A8,3901,218,0,221.36162,0
2022,Alfa Romeo,Stelvio AWD,SUV: Small,2,4,A8,4007,226,0,230.809,0
2022,Alfa Romeo,Stelvio AWD Quadrifoglio,SUV: Small,2.9,6,A8,4313,288,1,294.59363,1
2022,Kia,Stinger AWD,Mid-size,3.3,6,AS8,4043,280,1,291.0098,0
2022,Chevrolet,Suburban,SUV: Standard,5.3,8,A10,5824,327,0,317.10086,0
2022,Chevrolet,Suburban,SUV: Standard,3,6,A10,5864,272,0,295.76715,0
2022,Chevrolet,Suburban (No Stop-Start),SUV: Standard,5.3,8,A10,5824,332,0,317.10086,0
2022,Chevrolet,Suburban 4WD,SUV: Standard,6.2,8,A10,6016,345,1,368.11316,1
2022,Chevrolet,Suburban 4WD,SUV: Standard,5.3,8,A10,5824,336,1,317.10086,0
2022,Chevrolet,Suburban 4WD,SUV: Standard,3,6,A10,6072,281,0,295.53726,0
2022,Chevrolet,Suburban 4WD (No Stop-Start),SUV: Standard,5.3,8,A10,5824,354,1,317.10086,0
2022,Chevrolet,Suburban 4WD (No Stop-Start),SUV: Standard,6.2,8,A10,6016,353,1,368.11316,1
2022,Toyota,Tacoma 4WD,Pickup truck: Small,3.5,6,M6,4340,299,0,250.09953,0
2022,Toyota,Tacoma 4WD,Pickup truck: Small,3.5,6,AS6,4255,278,0,273.96997,0
2022,Toyota,Tacoma 4WD D-Cab TRD Off-Road/PRO,Pickup truck: Small,3.5,6,M6,5600,300,0,322.4009,1
2022,Chevrolet,Tahoe,SUV: Standard,5.3,8,A10,5473,327,0,323.21283,0
2022,Chevrolet,Tahoe,SUV: Standard,3,6,A10,5717,263,0,294.34985,0
2022,Chevrolet,Tahoe (No Stop-Start),SUV: Standard,5.3,8,A10,5473,332,1,323.21283,0
2022,Chevrolet,Tahoe 4WD,SUV: Standard,6.2,8,A10,5845,345,1,330.43414,1
2022,Chevrolet,Tahoe 4WD,SUV: Standard,5.3,8,A10,5661,327,0,319.73938,0
2022,Chevrolet,Tahoe 4WD,SUV: Standard,3,6,A10,5904,281,0,295.76715,0
2022,Chevrolet,Tahoe 4WD (No Stop-Start),SUV: Standard,5.3,8,A10,5661,354,1,319.73938,0
2022,Chevrolet,Tahoe 4WD (No Stop-Start),SUV: Standard,6.2,8,A10,5845,353,1,330.43414,1
2022,Volkswagen,Taos,SUV: Small,1.5,4,A8,3175,178,0,163.771,0
2022,Volkswagen,Taos 4MOTION,SUV: Small,1.5,4,A7,3430,200,0,208.1487,0
2022,Kia,Telluride AWD,SUV: Small,3.8,6,AS8,4255,266,0,301.11902,0
2022,GMC,Terrain,SUV: Small,1.5,4,A9,3449,202,0,202.27216,0
2022,GMC,Terrain AWD,SUV: Small,1.5,4,A9,3449,212,0,202.27216,0
2022,Volkswagen,Tiguan 4MOTION,SUV: Small,2,4,AS8,3856,222,0,222.19295,0
2022,Volkswagen,Tiguan R-Line 4MOTION,SUV: Small,2,4,AS8,3856,229,0,222.19295,0
2022,Acura,TLX SH-AWD,Compact,2,4,AS10,3927,230,0,243.10103,1
2022,Acura,TLX SH-AWD A-SPEC,Compact,2,4,AS10,3990,231,0,231.04283,0
2022,Acura,TLX Type S,Compact,3,6,AS10,4221,256,1,275.04245,1
2022,Acura,TLX Type S (Performance Tire),Compact,3,6,AS10,4200,261,1,296.72018,1
2022,Chevrolet,Trailblazer,SUV: Small,1.2,3,AV,3252,184,0,194.35045,0
2022,Chevrolet,Trailblazer,SUV: Small,1.3,3,AV,3252,178,0,200.15591,0
2022,Chevrolet,Trailblazer AWD,SUV: Small,1.3,3,A9,3252,197,0,200.15591,0
2022,Ford,Transit Connect Van,Special purpose vehicle,2.5,4,AS6,3581,249,0,181.04953,0
2022,Ford,Transit Connect Van,Special purpose vehicle,2,4,AS8,3581,221,0,198.13396,0
2022,Ford,Transit Connect Van FFV,Special purpose vehicle,2,4,AS8,3581,221,0,198.13396,0
2022,Ford,Transit Connect Van FFV,Special purpose vehicle,2,4,AS8,3581,221,0,198.13396,0
2022,Ford,Transit Connect Van FFV,Special purpose vehicle,2,4,AS8,3581,211,0,198.13396,0
2022,Ford,Transit Connect Van FFV,Special purpose vehicle,2,4,AS8,3581,211,0,198.13396,0
2022,Ford,Transit Connect Wagon LWB,Special purpose vehicle,2.5,4,AS6,4028,249,0,228.68456,0
2022,Ford,Transit Connect Wagon LWB,Special purpose vehicle,2,4,AS8,4028,216,0,227.01804,0
2022,Ford,Transit Connect Wagon LWB FFV,Special purpose vehicle,2,4,AS8,4028,219,0,227.01804,0
2022,Ford,Transit Connect Wagon LWB FFV,Special purpose vehicle,2,4,AS8,4028,219,0,227.01804,0
2022,Ford,Transit Connect Wagon LWB FFV,Special purpose vehicle,2,4,AS8,4028,216,0,227.01804,0
2022,Ford,Transit Connect Wagon LWB FFV,Special purpose vehicle,2,4,AS8,4028,216,0,227.01804,0
2022,Chevrolet,Traverse,SUV: Standard,3.6,6,A9,4310,260,0,289.56442,0
2022,Chevrolet,Traverse AWD,SUV: Standard,3.6,6,A9,4310,277,0,289.56442,0
2022,Chevrolet,Trax,SUV: Small,1.4,4,AS6,3124,201,0,184.17705,0
2022,Chevrolet,Trax AWD,SUV: Small,1.4,4,AS6,3124,214,0,184.17705,0
2022,Audi,TT Coupe 45 TFSI quattro,Subcompact,2,4,AM7,3197,218,0,210.13373,0
2022,Audi,TT Roadster 45 TFSI quattro,Two-seater,2,4,AM7,3395,218,0,208.27379,0
2022,Audi,TT RS Coupe quattro,Subcompact,2.5,5,AM7,3307,235,1,198.57236,0
2022,Audi,TTS Coupe quattro,Subcompact,2,4,AM7,3263,209,0,230.76491,0
2022,Hyundai,Tucson,SUV: Small,2.5,4,AS8,3329,194,0,200.36754,0
2022,Hyundai,Tucson AWD,SUV: Small,2.5,4,AS8,3329,214,0,200.36754,0
2022,Hyundai,Tucson Hybrid,SUV: Small,1.6,4,AM6,3644,152,0,175.31163,0
2022,Toyota,Tundra,Pickup truck: Standard,3.4,6,AS10,5095,277,0,294.87473,0
2022,Toyota,Tundra 4WD,Pickup truck: Standard,3.4,6,AS10,5380,285,0,302.20172,0
2022,Toyota,Tundra 4WD TRD,Pickup truck: Standard,3.4,6,AS10,5390,286,0,302.20172,0
2022,Toyota,Tundra Hybrid 4WD,Pickup truck: Standard,3.4,6,AS10,5710,274,0,310.2981,0
2022,Toyota,Tundra Hybrid 4WD TRD PRO,Pickup truck: Standard,3.4,6,AS10,5700,277,0,310.2981,0
2022,Lamborghini,Urus,SUV: Standard,4,8,AS8,4850,384,0,352.7124,0
2022,Lexus,UX 200,Mid-size,2,4,AS10,3307,168,0,176.60358,0
2022,Lexus,UX 250h AWD,Compact,2,4,AV6,3605,140,0,179.1667,0
2022,Volvo,V60 CC T5 AWD,Station wagon: Small,2,4,AS8,3999,221,0,231.04283,0
2022,Volvo,V60 T6 AWD,Station wagon: Small,2,4,AS8,4202,224,0,236.85583,0
2022,Volvo,V90 CC B6 AWD,Station wagon: Mid-size,2,4,AS8,4271,222,0,239.5067,0
2022,Aston Martin,Vantage V8,Two-seater,4,8,A8,3715,270,0,304.21036,0
2022,Hyundai,Veloster N,Compact,2,4,AM8,3247,248,1,189.61998,0
2022,Hyundai,Veloster N,Compact,2,4,M6,3247,226,0,189.61998,0
2022,Hyundai,Venue,Mid-size,1.6,4,M6,2612,184,0,174.26447,0
2022,Hyundai,Venue,Mid-size,1.6,4,AV1,2612,176,0,174.26447,0
2022,Toyota,Venza AWD,SUV: Small,2.5,4,AV,3891,142,0,197.47768,0
2022,Nissan,Versa,Compact,1.6,4,M5,2650,181,0,178.40904,0
2022,Nissan,Versa,Compact,1.6,4,AV,2646,158,0,174.26447,0
2022,Jeep,Wagoneer 4X4,SUV: Standard,5.7,8,A8,6191,323,0,324.8468,0
2022,Jeep,Wrangler JL 4X4,SUV: Small,3.6,6,M6,3948,277,0,290.56384,0
2022,Jeep,Wrangler JL 4X4,SUV: Small,3.6,6,A8,4167,274,0,290.60718,0
2022,Jeep,Wrangler JL 4X4,SUV: Small,2,4,A8,4191,241,0,236.85583,0
2022,Jeep,Wrangler JL 4X4 eTorque,SUV: Small,3.6,6,A8,4167,258,0,290.60718,0
2022,Jeep,Wrangler JL Unlimited 4X4,SUV: Small,6.4,8,A8,5103,387,1,360.85928,1
2022,Jeep,Wrangler JL Unlimited 4X4,SUV: Small,3.6,6,M6,4195,285,0,294.70737,0
2022,Jeep,Wrangler JL Unlimited 4X4,SUV: Small,3.6,6,A8,4196,275,0,294.70737,0
2022,Jeep,Wrangler JL Unlimited 4X4,SUV: Small,2,4,A8,4696,251,0,248.45589,0
2022,Jeep,Wrangler JL Unlimited 4X4 EcoDiesel,SUV: Small,3,6,A8,5400,255,0,286.3497,0
2022,Jeep,Wrangler JL Unlimited 4X4 eTorque,SUV: Small,3.6,6,A8,4167,262,0,290.60718,0
2022,Jeep,Wrangler JL Unlimited 4X4 Rubicon EcoDiesel,SUV: Small,3,6,A8,4766,275,0,298.8003,0
2022,Subaru,WRX AWD,Mid-size,2.4,4,AV8,3431,262,0,229.87244,0
2022,Subaru,WRX AWD,Mid-size,2.4,4,M6,3297,254,0,235.3501,0
2022,BMW,X1 xDrive28i,SUV: Small,2,4,AS8,3726,213,0,216.40683,0
2022,BMW,X2 M35i,SUV: Small,2,4,AS8,3721,207,0,216.40683,0
2022,BMW,X2 xDrive28i,SUV: Small,2,4,AS8,3664,207,0,216.68365,0
2022,BMW,X3 M,SUV: Small,3,6,AS8,4610,323,1,281.64587,1
2022,BMW,X3 M Competition,SUV: Small,3,6,AS8,5000,323,1,309.42264,1
2022,BMW,X3 M40i,SUV: Small,3,6,AS8,4392,241,1,279.30273,1
2022,BMW,X3 xDrive30i,SUV: Small,2,4,AS8,4149,230,0,228.12668,0
2022,BMW,X4 M,SUV: Small,3,6,AS8,4597,323,1,281.64587,0
2022,BMW,X4 M Competition,SUV: Small,3,6,AS8,4431,323,1,286.6415,0
2022,BMW,X4 M40i,SUV: Small,3,6,AS8,4403,241,0,278.2234,0
2022,BMW,X4 xDrive30i,SUV: Small,2,4,AS8,4178,230,0,236.5152,0
2022,BMW,X5 M,SUV: Standard,4.4,8,AS8,5455,364,1,329.7567,1
2022,BMW,X5 M Competition,SUV: Standard,4.4,8,AS8,5455,364,0,329.7567,0
2022,BMW,X5 M50i,SUV: Standard,4.4,8,AS8,5260,302,1,332.79428,1
2022,BMW,X5 xDrive40i,SUV: Standard,3,6,AS8,4863,241,0,275.949,0
2022,BMW,X6 M,SUV: Standard,4.4,8,AS8,5060,364,1,306.90353,0
2022,BMW,X6 M Competition,SUV: Standard,4.4,8,AS8,5060,364,0,306.90353,0
2022,BMW,X6 M50i,SUV: Standard,4.4,8,AS8,5115,302,0,338.3578,1
2022,BMW,X6 xDrive40i,SUV: Standard,3,6,AS8,4784,241,0,289.94916,0
2022,BMW,X7 M50i,SUV: Standard,4.4,8,AS8,5661,321,0,330.3504,1
2022,BMW,X7 xDrive40i,SUV: Standard,3,6,AS8,5370,256,0,292.62524,0
2022,Volvo,XC40 T4 AWD,SUV: Small,2,4,AS8,3627,217,0,204.28104,0
2022,Volvo,XC40 T5 AWD,SUV: Small,2,4,AS8,3753,219,0,217.14705,0
2022,Volvo,XC60 B5 AWD,SUV: Small,2,4,AS8,4008,219,0,230.809,0
2022,Volvo,XC60 B6 AWD,SUV: Small,2,4,AS8,4222,232,0,234.79405,0
2022,Volvo,XC90 T5 AWD,SUV: Standard,2,4,AS8,4497,236,0,246.00586,0
2022,Volvo,XC90 T6 AWD,SUV: Standard,2,4,AS8,4522,252,0,225.76767,0
2022,Cadillac,XT4,SUV: Small,2,4,AS9,3660,211,0,216.68365,0
2022,Cadillac,XT4 AWD,SUV: Small,2,4,AS9,3660,225,0,216.68365,0
2022,Cadillac,XT5,SUV: Small,2,4,AS9,3915,225,0,231.35162,0
2022,Cadillac,XT5 AWD,SUV: Small,3.6,6,AS9,3915,263,0,292.56647,0
2022,Cadillac,XT5 AWD,SUV: Small,2,4,AS9,3915,237,0,231.35162,0
2022,Cadillac,XT6 AWD,SUV: Small,3.6,6,AS9,4362,269,0,297.0958,0
2022,Cadillac,XT6 AWD,SUV: Small,2,4,AS9,4362,239,0,241.11128,0
2022,GMC,Yukon,SUV: Standard,5.3,8,A10,5490,327,0,324.9434,0
2022,GMC,Yukon,SUV: Standard,3,6,A10,5734,272,0,294.34985,0
2022,GMC,Yukon (No Stop-Start),SUV: Standard,5.3,8,A10,5490,332,0,324.9434,0
2022,GMC,Yukon 4WD,SUV: Standard,6.2,8,A10,5827,345,1,330.43414,1
2022,GMC,Yukon 4WD,SUV: Standard,5.3,8,A10,5677,327,0,325.86554,1
2022,GMC,Yukon 4WD,SUV: Standard,3,6,A10,5922,281,0,295.76715,0
2022,GMC,Yukon 4WD (No Stop-Start),SUV: Standard,5.3,8,A10,5677,354,1,325.86554,0
2022,GMC,Yukon 4WD (No Stop-Start),SUV: Standard,6.2,8,A10,5827,353,1,330.43414,1
2022,GMC,Yukon XL,SUV: Standard,5.3,8,A10,5503,327,0,324.9434,0
2022,GMC,Yukon XL,SUV: Standard,3,6,A10,5881,272,0,295.76715,0
2022,GMC,Yukon XL (No Stop-Start),SUV: Standard,5.3,8,A10,5633,332,0,310.46494,0
2022,GMC,Yukon XL 4WD,SUV: Standard,6.2,8,A10,5998,345,1,368.11316,1
2022,GMC,Yukon XL 4WD,SUV: Standard,5.3,8,A10,5841,336,1,317.10086,0
2022,GMC,Yukon XL 4WD,SUV: Standard,3,6,A10,6088,281,0,294.0729,0
2022,GMC,Yukon XL 4WD (No Stop-Start),SUV: Standard,5.3,8,A10,5841,354,1,317.10086,0
2022,GMC,Yukon XL 4WD (No Stop-Start),SUV: Standard,6.2,8,A10,5998,353,1,368.11316,1
2022,BMW,Z4 M40i,Two-seater,3,6,AS8,3428,223,0,268.14902,0
2022,BMW,Z4 sDrive30i,Two-seater,2,4,AS8,3287,199,0,211.00264,0
